LOCAL_YEAR,trial,year,local,trat,sev,yld
4_2021,1,2021,4,1,28,4208.081736909323
4_2021,1,2021,4,1,28,4220.3763303533415
4_2021,1,2021,4,1,29,4252.001702852277
4_2021,1,2021,4,1,27,4433.079608343976
4_2021,1,2021,4,2,12,4073.222647935292
4_2021,1,2021,4,2,13,4295.921668795232
4_2021,1,2021,4,2,13,4104.541507024266
4_2021,1,2021,4,2,14,4405.026819923372
4_2021,1,2021,4,3,9,4210.734780757769
4_2021,1,2021,4,3,9.5,4515.402298850575
4_2021,1,2021,4,3,9,4236.696466581524
4_2021,1,2021,4,3,10,4318.3754789272025
4_2021,1,2021,4,4,8,4586.911877394636
4_2021,1,2021,4,4,8.5,4224.745849297573
4_2021,1,2021,4,4,9,4017.232865048957
4_2021,1,2021,4,4,8,4394.782460621541
4_2021,1,2021,4,5,11,4512.967220093657
4_2021,1,2021,4,5,10,4120.241805023414
4_2021,1,2021,4,5,11,4237.094934014474
4_2021,1,2021,4,5,10.5,4236.362707535121
4_2021,1,2021,4,6,8.5,4162.213707960835
4_2021,1,2021,4,6,9,4719.989782886334
4_2021,1,2021,4,6,9.5,4127.073648361004
4_2021,1,2021,4,6,9,4329.0251170710935
4_2021,1,2021,4,7,11,4267.075351213282
4_2021,1,2021,4,7,11,4342.927203065134
4_2021,1,2021,4,7,11,4154.087696892295
4_2021,1,2021,4,7,11,4413.854406130268
4_2021,1,2021,4,8,7.5,4226.779054916986
4_2021,1,2021,4,8,8,4912.02043422733
4_2021,1,2021,4,8,8.5,4101.026819923371
4_2021,1,2021,4,8,8,4402.9765857811835
4_2021,1,2021,4,9,2.5,4421.404853128992
4_2021,1,2021,4,9,2.8,4334.814814814815
4_2021,1,2021,4,9,2.5,4474.469135802469
4_2021,1,2021,4,9,3,4528.619838229033
4_2021,1,2021,4,10,12,4273.103448275862
4_2021,1,2021,4,10,12,4194.901660280971
4_2021,1,2021,4,10,12,4158.3652618135375
4_2021,1,2021,4,10,12,4416.701575138356
4_2021,1,2021,4,11,7,4573.0166028097055
4_2021,1,2021,4,11,7,4205.312899106002
4_2021,1,2021,4,11,7.5,3783.438058748404
4_2021,1,2021,4,11,8,5003.095785440613
5_2021,2,2021,5,1,7.5,3995.0510855683274
5_2021,2,2021,5,1,5,3881.393678160919
5_2021,2,2021,5,1,4,3844.9233716475105
5_2021,2,2021,5,1,5,3758.620689655173
5_2021,2,2021,5,2,0,4383.987867177522
5_2021,2,2021,5,2,0,4064.3678160919535
5_2021,2,2021,5,2,0.5,4102.187100893998
5_2021,2,2021,5,2,0,4027.7298850574703
5_2021,2,2021,5,3,0,4386.853448275862
5_2021,2,2021,5,3,0,4296.599616858237
5_2021,2,2021,5,3,0,4809.6424010217115
5_2021,2,2021,5,3,0,4468.582375478927
5_2021,2,2021,5,4,0,4506.944444444444
5_2021,2,2021,5,4,0,4169.939335887612
5_2021,2,2021,5,4,0,4861.111111111111
5_2021,2,2021,5,4,0,4290.469348659005
5_2021,2,2021,5,5,0,4020.8333333333335
5_2021,2,2021,5,5,0.5,4618.358876117497
5_2021,2,2021,5,5,0.25,4422.461685823755
5_2021,2,2021,5,5,0,4077.3946360153254
5_2021,2,2021,5,6,0,4550.359195402299
5_2021,2,2021,5,6,0,3735.4246487867176
5_2021,2,2021,5,6,0,4293.295019157088
5_2021,2,2021,5,6,0,4403.575989782887
5_2021,2,2021,5,7,0,4362.843231162197
5_2021,2,2021,5,7,0,4326.9476372924655
5_2021,2,2021,5,7,0,4545.146871008939
5_2021,2,2021,5,7,0,4148.004469987229
5_2021,2,2021,5,8,0,4004.6296296296296
5_2021,2,2021,5,8,0,4750
5_2021,2,2021,5,8,0,4485.312899106003
5_2021,2,2021,5,8,0,4468.103448275862
5_2021,2,2021,5,9,0,4138.4578544061305
5_2021,2,2021,5,9,0,4359.163473818646
5_2021,2,2021,5,9,0,4538.186462324393
5_2021,2,2021,5,9,0,4371.98275862069
5_2021,2,2021,5,10,0.25,4013.888888888889
5_2021,2,2021,5,10,0.5,4316.331417624521
5_2021,2,2021,5,10,0.5,4223.371647509579
5_2021,2,2021,5,10,0,4527.777777777777
5_2021,2,2021,5,11,0,4444.444444444444
5_2021,2,2021,5,11,0,4366.443167305237
5_2021,2,2021,5,11,0,4888.88888888889
5_2021,2,2021,5,11,0,4092.832056194126
6_2021,3,2021,6,1,53.5,3753.246168582376
6_2021,3,2021,6,1,50,3520.93390804598
6_2021,3,2021,6,1,52,3447.99361430396
6_2021,3,2021,6,1,53.5,4059.0842911877394
6_2021,3,2021,6,2,53.5,3864.7629310344823
6_2021,3,2021,6,2,54,3488.5057471264367
6_2021,3,2021,6,2,54,3809.375
6_2021,3,2021,6,2,49,3764.094827586207
6_2021,3,2021,6,3,21,4010.5747126436777
6_2021,3,2021,6,3,17.5,4692.420977011494
6_2021,3,2021,6,3,15,4387.873563218391
6_2021,3,2021,6,3,17.5,3840.5172413793102
6_2021,3,2021,6,4,28,3205.150862068965
6_2021,3,2021,6,4,29,4482.442528735632
6_2021,3,2021,6,4,26,4114.583333333333
6_2021,3,2021,6,4,29,3763.9367816091954
6_2021,3,2021,6,5,20,4142.392241379311
6_2021,3,2021,6,5,19,4972.808908045977
6_2021,3,2021,6,5,22,3609.116379310345
6_2021,3,2021,6,5,21.5,3855.3879310344823
6_2021,3,2021,6,6,10.5,4213.19540229885
6_2021,3,2021,6,6,14,4223.97190293742
6_2021,3,2021,6,6,11.5,4480.57343550447
6_2021,3,2021,6,6,16.5,4675.989782886333
6_2021,3,2021,6,7,19.5,3839.310344827586
6_2021,3,2021,6,7,17.5,4477.658045977011
6_2021,3,2021,6,7,18,4058.390804597701
6_2021,3,2021,6,7,18,3807.3275862068967
6_2021,3,2021,6,8,23.5,3786.2931034482754
6_2021,3,2021,6,8,22,4168.189655172414
6_2021,3,2021,6,8,24,3721.9827586206898
6_2021,3,2021,6,8,24.5,4056.6235632183902
6_2021,3,2021,6,9,19.5,3974.6192528735633
6_2021,3,2021,6,9,20,4225.890804597701
6_2021,3,2021,6,9,24,3642.2413793103447
6_2021,3,2021,6,9,21.5,4035.7902298850577
6_2021,3,2021,6,10,28.5,3853.125
6_2021,3,2021,6,10,31.5,3875.625
6_2021,3,2021,6,10,35,3985.086206896552
6_2021,3,2021,6,10,31.5,3993.4913793103447
6_2021,3,2021,6,11,25,4399.885057471264
6_2021,3,2021,6,11,21,3739.2097701149423
6_2021,3,2021,6,11,28,3402.442528735632
6_2021,3,2021,6,11,23.5,3666.508620689656
7_2021,4,2021,7,1,35,3468.3524904214555
7_2021,4,2021,7,1,38,4095.121328224777
7_2021,4,2021,7,1,38,3512.8565346956157
7_2021,4,2021,7,1,35,3606.411238825032
7_2021,4,2021,7,2,30.1,3648.190719455088
7_2021,4,2021,7,2,28,3875.0191570881225
7_2021,4,2021,7,2,29,3789.8680289484887
7_2021,4,2021,7,2,28.5,3838.82503192848
7_2021,4,2021,7,3,24.3,3678.024691358025
7_2021,4,2021,7,3,22.3,3963.52490421456
7_2021,4,2021,7,3,25.3,4137.0268199233715
7_2021,4,2021,7,3,25.3,3896.296296296296
7_2021,4,2021,7,4,26.9,3945.0744997871434
7_2021,4,2021,7,4,25.3,3964.240102171137
7_2021,4,2021,7,4,26.3,3523.4227330779054
7_2021,4,2021,7,4,26.9,4109.237973605789
7_2021,4,2021,7,5,28.7,4254.235845040443
7_2021,4,2021,7,5,28.5,3723.678160919539
7_2021,4,2021,7,5,28.9,3692.0987654320984
7_2021,4,2021,7,5,29,3696.1430395913153
7_2021,4,2021,7,6,28,4088.641975308641
7_2021,4,2021,7,6,28.5,3734.406130268199
7_2021,4,2021,7,6,27.2,3999.1485738612178
7_2021,4,2021,7,6,27.5,3944.8888888888887
7_2021,4,2021,7,7,28.3,3968.2588335461896
7_2021,4,2021,7,7,27.3,3947.107705406556
7_2021,4,2021,7,7,28.3,3740.280970625798
7_2021,4,2021,7,7,28.5,4222.477650063856
7_2021,4,2021,7,8,27.4,4003.882503192848
7_2021,4,2021,7,8,27.2,4061.072796934866
7_2021,4,2021,7,8,27.6,3603.2354193273736
7_2021,4,2021,7,8,27,3898.101319710515
7_2021,4,2021,7,9,18.9,4398.399318859089
7_2021,4,2021,7,9,18.5,3851.4687100894
7_2021,4,2021,7,9,18.1,4383.218390804598
7_2021,4,2021,7,9,18,4383.218390804598
7_2021,4,2021,7,10,25.2,4143.039591315453
7_2021,4,2021,7,10,24.2,3584.5721583652626
7_2021,4,2021,7,10,24.3,3988.6590038314175
7_2021,4,2021,7,10,25,3904.027245636441
7_2021,4,2021,7,11,26.1,4322.571306939122
7_2021,4,2021,7,11,25.5,3641.021711366539
7_2021,4,2021,7,11,25.1,4761.191996594295
7_2021,4,2021,7,11,26,4188.567049808429
8_2021,5,2021,8,1,40,3182.630906450575
8_2021,5,2021,8,1,40,3469.987228260919
8_2021,5,2021,8,1,35,3549.638143536053
8_2021,5,2021,8,1,35,3351.5112810611877
8_2021,5,2021,8,2,35,3000.170284927739
8_2021,5,2021,8,2,35,3995.5725836787738
8_2021,5,2021,8,2,35,3740.8045973270687
8_2021,5,2021,8,2,35,3285.142613549732
8_2021,5,2021,8,3,35,3423.201361939502
8_2021,5,2021,8,3,35,4229.714771820535
8_2021,5,2021,8,3,30,3438.505746782586
8_2021,5,2021,8,3,30,3687.2073218960727
8_2021,5,2021,8,4,20,4272.860791399023
8_2021,5,2021,8,4,20,4060.387398487108
8_2021,5,2021,8,4,20,4179.4806296373945
8_2021,5,2021,8,4,25,3553.873988576073
8_2021,5,2021,8,5,25,3294.0613023525857
8_2021,5,2021,8,5,20,4058.5355466354417
8_2021,5,2021,8,5,30,4178.927202647242
8_2021,5,2021,8,5,25,3692.464878302528
8_2021,5,2021,8,6,20,3122.22222191
8_2021,5,2021,8,6,15,4518.24180457159
8_2021,5,2021,8,6,20,3902.4691354122224
8_2021,5,2021,8,6,20,4209.621114947279
8_2021,5,2021,8,7,35,3188.0800337382375
8_2021,5,2021,8,7,30,4363.771817358429
8_2021,5,2021,8,7,35,3289.910599926436
8_2021,5,2021,8,7,35,3691.570880856896
8_2021,5,2021,8,8,20,3155.896125695479
8_2021,5,2021,8,8,25,4732.545763681705
8_2021,5,2021,8,8,30,3683.269476004598
8_2021,5,2021,8,8,30,3483.695189093946
8_2021,5,2021,8,9,10,3580.246913222222
8_2021,5,2021,8,9,10,4471.22179606203
8_2021,5,2021,8,9,15,4334.482758187241
8_2021,5,2021,8,9,15,4318.965516809482
8_2021,5,2021,8,10,25,3719.114516443755
8_2021,5,2021,8,10,25,4298.2758616391375
8_2021,5,2021,8,10,20,4372.286078745402
8_2021,5,2021,8,10,30,4112.3882499080455
8_2021,5,2021,8,11,20,3900.8088544417624
8_2021,5,2021,8,11,15,4280.75776883544
8_2021,5,2021,8,11,15,4448.233290317204
8_2021,5,2021,8,11,20,3367.2413789736206
13_2021,6,2021,13,1,55,3558.107553366174
13_2021,6,2021,13,1,65,3505.3923782156544
13_2021,6,2021,13,1,70,3497.5075259989053
13_2021,6,2021,13,1,70,3376.327312534209
13_2021,6,2021,13,1,75,3691.704433497537
13_2021,6,2021,13,2,60,3970.785759897829
13_2021,6,2021,13,2,75,3848.048918992884
13_2021,6,2021,13,2,55,3835.174055829229
13_2021,6,2021,13,2,65,4213.808018609743
13_2021,6,2021,13,2,65,3870.931741470535
13_2021,6,2021,13,3,58,4084.657840722497
13_2021,6,2021,13,3,25,4155.782019704434
13_2021,6,2021,13,3,30,4595.463669950739
13_2021,6,2021,13,3,43,4591.693349753695
13_2021,6,2021,13,3,18,3931.0790914066783
13_2021,6,2021,13,4,48,4021.408045977012
13_2021,6,2021,13,4,40,4197.2980523627075
13_2021,6,2021,13,4,47,4123.315772669221
13_2021,6,2021,13,4,40,4209.485039226419
13_2021,6,2021,13,4,50,4011.6468253968255
13_2021,6,2021,13,5,55,3570.854885057471
13_2021,6,2021,13,5,45,3626.979520160555
13_2021,6,2021,13,5,40,4255.521734172597
13_2021,6,2021,13,5,40,3756.379310344828
13_2021,6,2021,13,5,40,3740.7658730158737
13_2021,6,2021,13,6,45,4279.843367998541
13_2021,6,2021,13,6,35,3127.333607006021
13_2021,6,2021,13,6,40,3940.1842273307793
13_2021,6,2021,13,6,35,4532.996122970261
13_2021,6,2021,13,6,30,4156.66890166028
13_2021,6,2021,13,7,35,4266.10775862069
13_2021,6,2021,13,7,35,4334.314814814815
13_2021,6,2021,13,7,30,3959.210363072432
13_2021,6,2021,13,7,35,4292.52422003284
13_2021,6,2021,13,7,20,4210.356595511768
13_2021,6,2021,13,8,25,3801.247080824667
13_2021,6,2021,13,8,25,3691.4314449917897
13_2021,6,2021,13,8,25,4468.590676883779
13_2021,6,2021,13,8,35,4437.848111658456
13_2021,6,2021,13,8,25,4162.6015325670505
13_2021,6,2021,13,9,18,4643.83908045977
13_2021,6,2021,13,9,12,4248.251778872469
13_2021,6,2021,13,9,20,4175.895320197044
13_2021,6,2021,13,9,20,4048.5478243021344
13_2021,6,2021,13,9,10,4579.978562306149
13_2021,6,2021,13,10,35,3573.7531472359055
13_2021,6,2021,13,10,50,3444.79374201788
13_2021,6,2021,13,10,52,4423.103562306149
13_2021,6,2021,13,10,55,3939.146825396825
13_2021,6,2021,13,10,45,3844.169403393542
13_2021,6,2021,13,11,30,3574.4792464878674
13_2021,6,2021,13,11,35,4262.11498814085
13_2021,6,2021,13,11,35,4462.956349206349
13_2021,6,2021,13,11,30,4258.45929118774
13_2021,6,2021,13,11,40,3941.063492063493
1_2022,7,2022,1,1,30,4315.134099616858
1_2022,7,2022,1,1,29,4157.72669220945
1_2022,7,2022,1,1,33,4399.361430395913
1_2022,7,2022,1,1,32,4143.007662835249
1_2022,7,2022,1,2,26,4108.131119625373
1_2022,7,2022,1,2,24,4269.763729246487
1_2022,7,2022,1,2,24,4093.284376330353
1_2022,7,2022,1,2,26,4440.389527458494
1_2022,7,2022,1,3,22,4152.043422733078
1_2022,7,2022,1,3,20,4477.607492550022
1_2022,7,2022,1,3,22,4181.832694763728
1_2022,7,2022,1,3,24,4300.542784163474
1_2022,7,2022,1,4,12,4311.196253724989
1_2022,7,2022,1,4,11,4575.053214133674
1_2022,7,2022,1,4,13,4410.451255853554
1_2022,7,2022,1,4,12,4636.696466581523
1_2022,7,2022,1,5,11,4288.888888888889
1_2022,7,2022,1,5,11,4894.934014474245
1_2022,7,2022,1,5,12,4767.45423584504
1_2022,7,2022,1,5,11,4261.387824606215
1_2022,7,2022,1,6,13,4300.127713920817
1_2022,7,2022,1,6,14,4900.063856960409
1_2022,7,2022,1,6,14,4906.130268199234
1_2022,7,2022,1,6,13,4315.134099616857
1_2022,7,2022,1,7,13,4236.3133248190725
1_2022,7,2022,1,7,11,4686.41975308642
1_2022,7,2022,1,7,12,4406.417624521072
1_2022,7,2022,1,7,11,4590.27245636441
1_2022,7,2022,1,8,13,4260.706683695189
1_2022,7,2022,1,8,11,4724.010217113664
1_2022,7,2022,1,8,11,4687.222222222222
1_2022,7,2022,1,8,11,4828.38441890166
1_2022,7,2022,1,9,13,5085.163899531715
1_2022,7,2022,1,9,12,4746.126011068539
1_2022,7,2022,1,9,13,4540.017028522776
1_2022,7,2022,1,9,15,4736.302681992337
1_2022,7,2022,1,10,11,4693.333333333333
1_2022,7,2022,1,10,12,5195.317156236696
1_2022,7,2022,1,10,13,4195.487441464453
1_2022,7,2022,1,10,12,4642.869306087697
3_2022,8,2022,3,1,11.845,3147.8612413793103
3_2022,8,2022,3,1,9.87,4517.577562790698
3_2022,8,2022,3,1,10.39,3672.598932558139
3_2022,8,2022,3,1,12.099999999999998,3866.659007441861
3_2022,8,2022,3,2,12.279999999999998,3706.2549267441864
3_2022,8,2022,3,2,10.455000000000002,4029.6444576744184
3_2022,8,2022,3,2,13.07,4062.129920930233
3_2022,8,2022,3,2,12.189999999999998,3759.016673023256
3_2022,8,2022,3,3,13.605,3817.4553651162782
3_2022,8,2022,3,3,7.56,4686.015154883721
3_2022,8,2022,3,3,8.440000000000001,4524.357856744186
3_2022,8,2022,3,3,11.515789473684212,5520.683810697674
3_2022,8,2022,3,4,6.760000000000001,4597.395886046512
3_2022,8,2022,3,4,5.190000000000001,4070.889523255814
3_2022,8,2022,3,4,6.880000000000003,3423.815890697674
3_2022,8,2022,3,4,6.800000000000002,4288.484246511628
3_2022,8,2022,3,5,6.49,4170.539689534884
3_2022,8,2022,3,5,9.180000000000003,3926.3457490697665
3_2022,8,2022,3,5,6.640000000000002,3981.53124372093
3_2022,8,2022,3,5,12.325,4029.32404744186
3_2022,8,2022,3,6,9.285,4838.034306511628
3_2022,8,2022,3,6,10.51,4227.851777906977
3_2022,8,2022,3,6,6.640000000000001,3506.9416744186046
3_2022,8,2022,3,6,7.440000000000002,4127.555623255814
3_2022,8,2022,3,7,9.285,3996.735226046511
3_2022,8,2022,3,7,10.885000000000003,4741.712272325581
3_2022,8,2022,3,7,8.97,4889.976939534883
3_2022,8,2022,3,7,8.455,4677.216793255815
3_2022,8,2022,3,8,18.764999999999983,4737.200689534883
3_2022,8,2022,3,8,6.675000000000002,4365.589418604652
3_2022,8,2022,3,8,17.664999999999992,4268.329409302326
3_2022,8,2022,3,8,11.134999999999998,4004.3759765116274
3_2022,8,2022,3,9,8.35,4051.949144186046
3_2022,8,2022,3,9,7.175000000000002,4553.825262325581
3_2022,8,2022,3,9,8.680000000000001,4463.870089534885
3_2022,8,2022,3,9,11.55,4482.577912790698
3_2022,8,2022,3,10,7.0550000000000015,3821.935940465116
3_2022,8,2022,3,10,10.240000000000002,4435.475024651163
3_2022,8,2022,3,10,7.280000000000001,4363.573934883721
3_2022,8,2022,3,10,18.304999999999996,4058.057610232558
4_2022,9,2022,4,1,50.5,4162.887931034483
4_2022,9,2022,4,1,46.5,4141.163793103448
4_2022,9,2022,4,1,50,4421.609195402299
4_2022,9,2022,4,1,48.5,4149.770114942528
4_2022,9,2022,4,2,43.5,4957.212643678161
4_2022,9,2022,4,2,40,4833.793103448275
4_2022,9,2022,4,2,41,4334.7988505747135
4_2022,9,2022,4,2,42.5,4425.258620689656
4_2022,9,2022,4,3,36,4665.172413793104
4_2022,9,2022,4,3,37.5,4416.752873563219
4_2022,9,2022,4,3,31.5,4943.735632183909
4_2022,9,2022,4,3,36.5,4771.192528735632
4_2022,9,2022,4,4,24.5,4860.948275862069
4_2022,9,2022,4,4,21.5,5264.583333333334
4_2022,9,2022,4,4,23,4684.482758620689
4_2022,9,2022,4,4,24,4847.2844827586205
4_2022,9,2022,4,5,29,4658.017241379311
4_2022,9,2022,4,5,27,4898.793103448275
4_2022,9,2022,4,5,29.5,4842.040229885058
4_2022,9,2022,4,5,32,4814.1594827586205
4_2022,9,2022,4,6,14.5,5533.750000000001
4_2022,9,2022,4,6,17.5,4617.9094827586205
4_2022,9,2022,4,6,16.75,4827.025862068966
4_2022,9,2022,4,6,17.5,5531.702586206895
4_2022,9,2022,4,7,16,5148.189655172413
4_2022,9,2022,4,7,15,5120.172413793105
4_2022,9,2022,4,7,16,5063.505747126437
4_2022,9,2022,4,7,17.5,4941.041666666666
4_2022,9,2022,4,8,16.5,4562.471264367816
4_2022,9,2022,4,8,18,4782.35632183908
4_2022,9,2022,4,8,16,4858.045977011494
4_2022,9,2022,4,8,16.5,5566.810344827586
4_2022,9,2022,4,9,16,4967.7801724137935
4_2022,9,2022,4,9,16.5,5543.520114942528
4_2022,9,2022,4,9,16,4748.541666666667
4_2022,9,2022,4,9,17.5,5031.1781609195405
4_2022,9,2022,4,10,17.5,4482.974137931034
4_2022,9,2022,4,10,15,5031.724137931034
4_2022,9,2022,4,10,20,5176.925287356321
4_2022,9,2022,4,10,20,5280.000000000001
6_2022,10,2022,6,1,21,3897.2
6_2022,10,2022,6,1,20,3942.4
6_2022,10,2022,6,1,24.7,3961.6
6_2022,10,2022,6,1,24,3933.6
6_2022,10,2022,6,2,13.2,4758.8
6_2022,10,2022,6,2,13.4,4518.4
6_2022,10,2022,6,2,14.3,4870
6_2022,10,2022,6,2,13.7,4715.6
6_2022,10,2022,6,3,8.5,4590
6_2022,10,2022,6,3,10.1,4641.6
6_2022,10,2022,6,3,9.7,4537.6
6_2022,10,2022,6,3,9.9,4589.6
6_2022,10,2022,6,4,9.6,4612.8
6_2022,10,2022,6,4,9.3,4549.6
6_2022,10,2022,6,4,11,4678.8
6_2022,10,2022,6,4,9.8,4613.6
6_2022,10,2022,6,5,9.3,4582.4
6_2022,10,2022,6,5,9.5,4786.8
6_2022,10,2022,6,5,9,4338
6_2022,10,2022,6,5,9.1,4568.8
6_2022,10,2022,6,6,9.5,4522
6_2022,10,2022,6,6,9.5,4044
6_2022,10,2022,6,6,10.5,5012
6_2022,10,2022,6,6,10.3,4526
6_2022,10,2022,6,7,9,4596.4
6_2022,10,2022,6,7,9,4707.6
6_2022,10,2022,6,7,9.3,4046
6_2022,10,2022,6,7,9.4,4450
6_2022,10,2022,6,8,9.8,4163.2
6_2022,10,2022,6,8,9.4,4195.2
6_2022,10,2022,6,8,8.9,4140.8
6_2022,10,2022,6,8,9.9,4166.4
6_2022,10,2022,6,9,10.2,4388.8
6_2022,10,2022,6,9,9,4355.6
6_2022,10,2022,6,9,9.1,4354.4
6_2022,10,2022,6,9,9,4366
6_2022,10,2022,6,10,8,4406
6_2022,10,2022,6,10,8.1,4165.6
6_2022,10,2022,6,10,9,4626.4
6_2022,10,2022,6,10,9.8,4399.32
7_2022,11,2022,7,1,24.7,3008
7_2022,11,2022,7,1,24.700000000000003,2971.2
7_2022,11,2022,7,1,24.9,3048
7_2022,11,2022,7,1,24.1,3009.2
7_2022,11,2022,7,2,17.5,3729.6
7_2022,11,2022,7,2,17.2,3604.8
7_2022,11,2022,7,2,16,3830
7_2022,11,2022,7,2,17.9,3721.6
7_2022,11,2022,7,3,10.5,3816
7_2022,11,2022,7,3,10.7,3954.4
7_2022,11,2022,7,3,11.1,3698
7_2022,11,2022,7,3,11.1,3822.8
7_2022,11,2022,7,4,10.5,3882
7_2022,11,2022,7,4,9.9,3957.6
7_2022,11,2022,7,4,11,3817.2
7_2022,11,2022,7,4,10.7,3885.6
7_2022,11,2022,7,5,10.5,3772.4
7_2022,11,2022,7,5,9.9,3661.2
7_2022,11,2022,7,5,10.4,3859.2
7_2022,11,2022,7,5,10.1,3764.4
7_2022,11,2022,7,6,11,3831.2
7_2022,11,2022,7,6,12.1,3775.6
7_2022,11,2022,7,6,9.8,3919.6
7_2022,11,2022,7,6,10.1,3842
7_2022,11,2022,7,7,11.8,3936
7_2022,11,2022,7,7,10.3,3906.4
7_2022,11,2022,7,7,11.5,4023.2
7_2022,11,2022,7,7,11.4,3955.2
7_2022,11,2022,7,8,8.8,3871.2
7_2022,11,2022,7,8,7.4,3926.4
7_2022,11,2022,7,8,10.2,3776
7_2022,11,2022,7,8,10.2,3858
7_2022,11,2022,7,9,9.4,3821.2
7_2022,11,2022,7,9,9.4,3739.6
7_2022,11,2022,7,9,10.1,3926.8
7_2022,11,2022,7,9,9.3,3829.2
7_2022,11,2022,7,10,9.3,3836.4
7_2022,11,2022,7,10,9.5,3865.6
7_2022,11,2022,7,10,9.3,3818.4
7_2022,11,2022,7,10,9.2,3840.4
10_2022,12,2022,10,1,5,4058.1098339719033
10_2022,12,2022,10,1,7.5,4137.292464878672
10_2022,12,2022,10,1,6,4246.982758620689
10_2022,12,2022,10,1,7.5,4081.130268199234
10_2022,12,2022,10,2,5,3883.0779054916984
10_2022,12,2022,10,2,9,4372.567049808428
10_2022,12,2022,10,2,7.5,4354.1602809706255
10_2022,12,2022,10,2,8,4447.356321839081
10_2022,12,2022,10,3,2.5,5347.222222222222
10_2022,12,2022,10,3,6,4422.812899106003
10_2022,12,2022,10,3,7.5,3857.8352490421457
10_2022,12,2022,10,3,2.5,4324.578544061302
10_2022,12,2022,10,4,1.25,4343.295019157088
10_2022,12,2022,10,4,4,4249.099616858238
10_2022,12,2022,10,4,2,4438.89846743295
10_2022,12,2022,10,4,2.5,4193.831417624521
10_2022,12,2022,10,5,1,4122.445721583653
10_2022,12,2022,10,5,3,4239.904214559387
10_2022,12,2022,10,5,2.5,4026.787994891443
10_2022,12,2022,10,5,4,4317.088122605364
10_2022,12,2022,10,6,2.5,4526.309067688378
10_2022,12,2022,10,6,0.25,4673.659003831418
10_2022,12,2022,10,6,0.25,4521.277139208173
10_2022,12,2022,10,6,0.75,4020.1468710089393
10_2022,12,2022,10,7,0.25,4315.753512132823
10_2022,12,2022,10,7,4,3622.6372924648786
10_2022,12,2022,10,7,2.5,5013.425925925926
10_2022,12,2022,10,7,1.25,4476.293103448276
10_2022,12,2022,10,8,4,4509.578544061303
10_2022,12,2022,10,8,6,4975.8141762452115
10_2022,12,2022,10,8,5,4390.277777777777
10_2022,12,2022,10,8,6,4208.065134099617
10_2022,12,2022,10,9,2.5,4637.611749680716
10_2022,12,2022,10,9,6,4702.704342273308
10_2022,12,2022,10,9,3,4560.759897828863
10_2022,12,2022,10,9,5,4419.41251596424
10_2022,12,2022,10,10,1,4544.106002554278
10_2022,12,2022,10,10,4,3772.9310344827586
10_2022,12,2022,10,10,2,4159.003831417625
10_2022,12,2022,10,10,2.5,4548.243933588761
11_2022,13,2022,11,1,13,4746.934865900384
11_2022,13,2022,11,1,23.5,4583.333333333333
11_2022,13,2022,11,1,13,4622.681992337164
11_2022,13,2022,11,1,21.5,4617.410600255428
11_2022,13,2022,11,2,10.5,4965.172413793104
11_2022,13,2022,11,2,10.5,5075
11_2022,13,2022,11,2,6,5086.925287356321
11_2022,13,2022,11,2,6,4922.6245210727975
11_2022,13,2022,11,3,6.5,4980.469348659003
11_2022,13,2022,11,3,8.5,5887.959770114941
11_2022,13,2022,11,3,8,4681.61877394636
11_2022,13,2022,11,3,6,4669.412515964239
11_2022,13,2022,11,4,2,4852.902298850574
11_2022,13,2022,11,4,1.5,5102.777777777777
11_2022,13,2022,11,4,1,4905.363984674329
11_2022,13,2022,11,4,2,5186.143039591316
11_2022,13,2022,11,5,3.5,5259.3295019157085
11_2022,13,2022,11,5,1.5,4985.306513409962
11_2022,13,2022,11,5,4,4621.973180076628
11_2022,13,2022,11,5,4,4841.554916985951
11_2022,13,2022,11,6,1,5289.431673052363
11_2022,13,2022,11,6,1.5,4500.718390804598
11_2022,13,2022,11,6,1,5574.291187739464
11_2022,13,2022,11,6,1,5213.888888888889
11_2022,13,2022,11,7,1,4867.816091954023
11_2022,13,2022,11,7,4,5179.597701149426
11_2022,13,2022,11,7,0.5,5300.191570881226
11_2022,13,2022,11,7,3,5159.396551724138
11_2022,13,2022,11,8,2,5577.1551724137935
11_2022,13,2022,11,8,2,5578.30779054917
11_2022,13,2022,11,8,4,5083.039591315453
11_2022,13,2022,11,8,1.5,5227.838441890166
11_2022,13,2022,11,9,1,5535.632183908046
11_2022,13,2022,11,9,2,5367.867177522349
11_2022,13,2022,11,9,1,5039.677522349936
11_2022,13,2022,11,9,2,5202.298850574713
11_2022,13,2022,11,10,3,4991.219667943807
11_2022,13,2022,11,10,3.5,5370.651340996168
11_2022,13,2022,11,10,4.5,5367.378671775225
11_2022,13,2022,11,10,1,4763.017241379311
12_2022,14,2022,12,1,25,3506.3492063492063
12_2022,14,2022,12,1,35,3275.604953475644
12_2022,14,2022,12,1,30,3719.943212917351
12_2022,14,2022,12,1,35,4085.861521620143
12_2022,14,2022,12,2,15,3787.586480569239
12_2022,14,2022,12,2,25,3899.3840996168583
12_2022,14,2022,12,2,15,3919.411375661375
12_2022,14,2022,12,2,20,3653.581463236635
12_2022,14,2022,12,3,15,3702.59076810801
12_2022,14,2022,12,3,20,4020.0181992337166
12_2022,14,2022,12,3,20,3879.321040868455
12_2022,14,2022,12,3,18,4373.298166392994
12_2022,14,2022,12,4,5,4014.6551724137935
12_2022,14,2022,12,4,2,3992.387087210364
12_2022,14,2022,12,4,3,4165.84564860427
12_2022,14,2022,12,4,3,4493.42378215654
12_2022,14,2022,12,5,2,4037.909688013137
12_2022,14,2022,12,5,2,3852.3201058201057
12_2022,14,2022,12,5,5,4354.392857142858
12_2022,14,2022,12,5,3,4525.374384236454
12_2022,14,2022,12,6,2,4329.391762452107
12_2022,14,2022,12,6,4,4063.70171957672
12_2022,14,2022,12,6,2,4335.43035030104
12_2022,14,2022,12,6,3,4323.545566502464
12_2022,14,2022,12,7,5,3904.738756613756
12_2022,14,2022,12,7,2,4156.889595876664
12_2022,14,2022,12,7,5,3949.6495621237
12_2022,14,2022,12,7,5,4467.238095238095
12_2022,14,2022,12,8,2,4087.9996807151983
12_2022,14,2022,12,8,3,4143.904305783616
12_2022,14,2022,12,8,3.5,4923.294836708631
12_2022,14,2022,12,8,2,4111.756773399015
12_2022,14,2022,12,9,1,4337.605592045247
12_2022,14,2022,12,9,5,4228.496305418719
12_2022,14,2022,12,9,5,4684.284551176793
12_2022,14,2022,12,9,4,4117.455938697319
12_2022,14,2022,12,10,2,4105.190932311623
12_2022,14,2022,12,10,8,4092.286330049261
12_2022,14,2022,12,10,6,4535.100711548988
12_2022,14,2022,12,10,4,4105.133620689656
13_2022,15,2022,13,1,50,4815.647235905856
13_2022,15,2022,13,1,52,4659.941730523627
13_2022,15,2022,13,1,53,4402.589627805145
13_2022,15,2022,13,1,53,4994.1616493340625
13_2022,15,2022,13,2,23,5108.143472906403
13_2022,15,2022,13,2,24,5125.057015143222
13_2022,15,2022,13,2,23.5,4944.66680350301
13_2022,15,2022,13,2,24,4804.016146688559
13_2022,15,2022,13,3,23.5,5676.082717569787
13_2022,15,2022,13,3,22,5558.608716475095
13_2022,15,2022,13,3,22,4597.1538040503565
13_2022,15,2022,13,3,21.5,4427.787470352126
13_2022,15,2022,13,4,18.8,5232.536261631089
13_2022,15,2022,13,4,18,5603.328544061304
13_2022,15,2022,13,4,15.6,5330.334336799855
13_2022,15,2022,13,4,18,4909.6024904214555
13_2022,15,2022,13,5,15.6,4917.424968071519
13_2022,15,2022,13,5,14.8,5282.205003648969
13_2022,15,2022,13,5,14.8,5881.7249361430395
13_2022,15,2022,13,5,15.6,5465.457375478927
13_2022,15,2022,13,6,15.6,5422.294061302681
13_2022,15,2022,13,6,15.6,5599.6168582375485
13_2022,15,2022,13,6,15.2,5189.23611111111
13_2022,15,2022,13,6,14.8,5562.080938697318
13_2022,15,2022,13,7,15.6,5600.2668308702805
13_2022,15,2022,13,7,16.4,4932.04365079365
13_2022,15,2022,13,7,17.6,4923.97030651341
13_2022,15,2022,13,7,16,6194.669654260172
13_2022,15,2022,13,8,17.6,5491.815476190476
13_2022,15,2022,13,8,16.4,5476.375775405947
13_2022,15,2022,13,8,16,5341.406677613574
13_2022,15,2022,13,8,16.8,5224.5826491516145
13_2022,15,2022,13,9,16.8,5656.369731800766
13_2022,15,2022,13,9,16,4983.05795019157
13_2022,15,2022,13,9,17.2,5357.6673964605
13_2022,15,2022,13,9,16.8,5787.279351395731
13_2022,15,2022,13,10,15.6,5743.964947089947
13_2022,15,2022,13,10,16,5243.500273672687
13_2022,15,2022,13,10,16,5372.18060116767
13_2022,15,2022,13,10,16,5092.32747217661
14_2022,16,2022,14,1,10,3305.4022988505744
14_2022,16,2022,14,1,11,3517.771392081738
14_2022,16,2022,14,1,11,3814.827586206896
14_2022,16,2022,14,1,10,3427.139208173691
14_2022,16,2022,14,2,7,3430.9961685823755
14_2022,16,2022,14,2,5,3642.988505747126
14_2022,16,2022,14,2,6,4065.6577266922086
14_2022,16,2022,14,2,6.5,3817.5925925925926
14_2022,16,2022,14,3,4.5,3328.23754789272
14_2022,16,2022,14,3,4,3772.030651340997
14_2022,16,2022,14,3,4,3509.131545338442
14_2022,16,2022,14,3,4,3921.954022988506
14_2022,16,2022,14,4,5.2,3480.5555555555557
14_2022,16,2022,14,4,4,3814.8659003831417
14_2022,16,2022,14,4,3.5,3804.85312899106
14_2022,16,2022,14,4,4,3743.7931034482754
14_2022,16,2022,14,5,6,3419.578544061302
14_2022,16,2022,14,5,4,3516.6283524904215
14_2022,16,2022,14,5,4.5,4241.6475095785445
14_2022,16,2022,14,5,5,4022.586206896552
14_2022,16,2022,14,6,4,3354.5977011494247
14_2022,16,2022,14,6,4.2,3876.4240102171134
14_2022,16,2022,14,6,4,3894.7573435504464
14_2022,16,2022,14,6,4,4068.103448275862
14_2022,16,2022,14,7,3,3396.685823754789
14_2022,16,2022,14,7,4.8,3604.597701149425
14_2022,16,2022,14,7,5,3979.04214559387
14_2022,16,2022,14,7,4.5,3873.5121328224777
14_2022,16,2022,14,8,3.5,3757.547892720306
14_2022,16,2022,14,8,5.5,3546.909323116219
14_2022,16,2022,14,8,4.5,3429.1187739463603
14_2022,16,2022,14,8,4.5,3834.827586206896
14_2022,16,2022,14,9,3.3,3600.555555555558
14_2022,16,2022,14,9,4.2,3596.379310344828
14_2022,16,2022,14,9,4,3753.690932311622
14_2022,16,2022,14,9,4,3543.4227330779054
14_2022,16,2022,14,10,3.2,3765.083014048532
14_2022,16,2022,14,10,3.5,3680.58748403576
14_2022,16,2022,14,10,3.8,3522.337164750958
14_2022,16,2022,14,10,3.5,3780.708812260536
15_2022,17,2022,15,1,29.985555555555553,4279.859195402299
15_2022,17,2022,15,1,38.24333333333333,4355.5862068965525
15_2022,17,2022,15,1,35.214444444444446,4512.827586206897
15_2022,17,2022,15,1,40.04111111111111,4288.577586206897
15_2022,17,2022,15,2,18.694285714285712,4385.5862068965525
15_2022,17,2022,15,2,16.300000000000004,4430
15_2022,17,2022,15,2,12.1225,4712.068965517241
15_2022,17,2022,15,2,15.195714285714288,4216.459770114943
15_2022,17,2022,15,3,15.305,5026.206896551724
15_2022,17,2022,15,3,15.68857142857143,4263.724137931034
15_2022,17,2022,15,3,15.251111111111111,5126.068965517241
15_2022,17,2022,15,3,14.013373015873016,3921.666666666667
15_2022,17,2022,15,4,12.404285714285717,4639.6321839080465
15_2022,17,2022,15,4,14.171111111111111,4882.58908045977
15_2022,17,2022,15,4,11.226984126984128,4609.885057471265
15_2022,17,2022,15,4,15.081111111111111,4947.672413793103
15_2022,17,2022,15,5,19.598253968253964,4916.091954022989
15_2022,17,2022,15,5,15.570000000000002,4526
15_2022,17,2022,15,5,11.962777777777776,4832.4885057471265
15_2022,17,2022,15,5,13.146666666666668,4300.6637931034475
15_2022,17,2022,15,6,16.508333333333333,5155.100574712644
15_2022,17,2022,15,6,15.047777777777776,5020
15_2022,17,2022,15,6,9.802857142857142,5197.5
15_2022,17,2022,15,6,14.295873015873015,4732.83908045977
15_2022,17,2022,15,7,16.895714285714288,5036.068965517241
15_2022,17,2022,15,7,13.44920634920635,4421.873563218391
15_2022,17,2022,15,7,7.056666666666667,4885.172413793103
15_2022,17,2022,15,7,10.6475,5400.146551724138
15_2022,17,2022,15,8,18.7325,5255.48275862069
15_2022,17,2022,15,8,12.185,5190
15_2022,17,2022,15,8,17.979999999999997,5044.681034482759
15_2022,17,2022,15,8,11.911428571428573,5286.413793103448
15_2022,17,2022,15,9,15.936666666666666,5169.224137931034
15_2022,17,2022,15,9,14.256666666666666,5230
15_2022,17,2022,15,9,7.111111111111112,5094.27011494253
15_2022,17,2022,15,9,16.804285714285715,5424.600574712644
15_2022,17,2022,15,10,15.223333333333333,4858.448275862071
15_2022,17,2022,15,10,12.482928571428571,4643.172413793104
15_2022,17,2022,15,10,8.136666666666667,5371.758620689655
15_2022,17,2022,15,10,14.66222222222222,5305.402298850576
1_2023,18,2023,1,1,55,4641.4655172413795
1_2023,18,2023,1,1,60,4486.0344827586205
1_2023,18,2023,1,1,60,4331.752873563218
1_2023,18,2023,1,1,55,4455.172413793103
1_2023,18,2023,1,2,28,4759.913793103448
1_2023,18,2023,1,2,30,4578.520114942529
1_2023,18,2023,1,2,25,4830.431034482759
1_2023,18,2023,1,2,35,5060.474137931034
1_2023,18,2023,1,3,16,5295.258620689656
1_2023,18,2023,1,3,22,5401.03448275862
1_2023,18,2023,1,3,20,5006.206896551724
1_2023,18,2023,1,3,18,5333.103448275862
1_2023,18,2023,1,4,15,4866.7385057471265
1_2023,18,2023,1,4,22,4989.310344827587
1_2023,18,2023,1,4,25,4865.28735632184
1_2023,18,2023,1,4,22,5133.60632183908
1_2023,18,2023,1,5,28,4719.137931034483
1_2023,18,2023,1,5,28,5109.784482758621
1_2023,18,2023,1,5,33,4895.172413793103
1_2023,18,2023,1,5,30,4593.563218390805
1_2023,18,2023,1,6,16,5109.310344827587
1_2023,18,2023,1,6,20,4788.793103448276
1_2023,18,2023,1,6,18,5101.724137931035
1_2023,18,2023,1,6,25,5356.494252873564
1_2023,18,2023,1,7,15,5592.413793103447
1_2023,18,2023,1,7,20,5436.724137931035
1_2023,18,2023,1,7,18,5263.807471264367
1_2023,18,2023,1,7,15,5206.249999999999
1_2023,18,2023,1,8,15,5570.2011494252865
1_2023,18,2023,1,8,12,5291.508620689655
1_2023,18,2023,1,8,15,5244.48275862069
1_2023,18,2023,1,8,15,5493.620689655172
1_2023,18,2023,1,9,22,5409.885057471264
1_2023,18,2023,1,9,20,4818.505747126437
1_2023,18,2023,1,9,20,5312.298850574712
1_2023,18,2023,1,9,18,4983.218390804597
2_2023,19,2023,2,1,41.5,4008
2_2023,19,2023,2,1,41.3,4236
2_2023,19,2023,2,1,40.7,3924.000000000001
2_2023,19,2023,2,1,46.5,4032
2_2023,19,2023,2,2,22,4410
2_2023,19,2023,2,2,19.5,4326
2_2023,19,2023,2,2,20.4,4584
2_2023,19,2023,2,2,23.9,4554
2_2023,19,2023,2,3,11.8,5436
2_2023,19,2023,2,3,11.5,5442
2_2023,19,2023,2,3,10.7,5478
2_2023,19,2023,2,3,12.4,5142
2_2023,19,2023,2,4,21.1,4632
2_2023,19,2023,2,4,19.2,4890
2_2023,19,2023,2,4,20.3,4356
2_2023,19,2023,2,4,18.5,4524
2_2023,19,2023,2,5,16.6,4752
2_2023,19,2023,2,5,17.5,4644
2_2023,19,2023,2,5,16.8,5010
2_2023,19,2023,2,5,15.1,4914
2_2023,19,2023,2,6,13.8,5112
2_2023,19,2023,2,6,14.2,4986
2_2023,19,2023,2,6,13.7,5052
2_2023,19,2023,2,6,16.5,5196
2_2023,19,2023,2,7,15.2,4962
2_2023,19,2023,2,7,15.1,5094
2_2023,19,2023,2,7,14.7,4812
2_2023,19,2023,2,7,16.5,4890
2_2023,19,2023,2,8,13.7,5166
2_2023,19,2023,2,8,13.8,5190
2_2023,19,2023,2,8,14,5232
2_2023,19,2023,2,8,15.5,4962
2_2023,19,2023,2,9,12.6,5358
2_2023,19,2023,2,9,12.1,5430
2_2023,19,2023,2,9,10.7,5562
2_2023,19,2023,2,9,14.5,5190
3_2023,20,2023,3,1,50,4198.05
3_2023,20,2023,3,1,60,4438.44
3_2023,20,2023,3,1,25,4351
3_2023,20,2023,3,1,40,4322.78
3_2023,20,2023,3,2,15,4700.81
3_2023,20,2023,3,2,15,4445.68
3_2023,20,2023,3,2,10,4301.95
3_2023,20,2023,3,2,20,4602.06
3_2023,20,2023,3,3,15,4868.51
3_2023,20,2023,3,3,6,4623.51
3_2023,20,2023,3,3,15,4543.16
3_2023,20,2023,3,3,35,4445.68
3_2023,20,2023,3,4,10,4706.66
3_2023,20,2023,3,4,25,4606.82
3_2023,20,2023,3,4,15,4590.75
3_2023,20,2023,3,4,25,4669.19
3_2023,20,2023,3,5,20,4442.69
3_2023,20,2023,3,5,15,4596.44
3_2023,20,2023,3,5,25,4824.19
3_2023,20,2023,3,5,15,4730.72
3_2023,20,2023,3,6,15,5028.09
3_2023,20,2023,3,6,5,4744.54
3_2023,20,2023,3,6,15,4730.29
3_2023,20,2023,3,6,30,4853.39
3_2023,20,2023,3,7,10,4539.79
3_2023,20,2023,3,7,15,4819.54
3_2023,20,2023,3,7,5,4533.26
3_2023,20,2023,3,7,10,4599.55
3_2023,20,2023,3,8,5,4647.89
3_2023,20,2023,3,8,10,4671.08
3_2023,20,2023,3,8,5,5091.54
3_2023,20,2023,3,8,20,5113.48
3_2023,20,2023,3,9,20,4672.01
3_2023,20,2023,3,9,15,4521.32
3_2023,20,2023,3,9,25,4604.53
3_2023,20,2023,3,9,15,4612.9
5_2023,21,2023,5,1,45,3177.5862065787933
5_2023,21,2023,5,1,40,3324.099616525828
5_2023,21,2023,5,1,35,3119.080459458207
5_2023,21,2023,5,1,40,2920.689654880345
5_2023,21,2023,5,2,25,3285.402298522035
5_2023,21,2023,5,2,20,3623.448275499724
5_2023,21,2023,5,2,20,3564.853128634575
5_2023,21,2023,5,2,25,3617.471264006069
5_2023,21,2023,5,3,20,3166.436781292551
5_2023,21,2023,5,3,23,3823.793103065897
5_2023,21,2023,5,3,20,3960.56194085554
5_2023,21,2023,5,3,20,3708.3014044822985
5_2023,21,2023,5,4,30,3093.86973149138
5_2023,21,2023,5,4,30,3862.8352486558624
5_2023,21,2023,5,4,25,3755.55555518
5_2023,21,2023,5,4,20,3821.200510473563
5_2023,21,2023,5,5,5,3438.4674326063446
5_2023,21,2023,5,5,10,3812.899105621265
5_2023,21,2023,5,5,10,4118.084290775932
5_2023,21,2023,5,5,5,3555.504469631678
5_2023,21,2023,5,6,10,3300.2809702957697
5_2023,21,2023,5,6,10,4004.291187339034
5_2023,21,2023,5,6,10,4097.407406997667
5_2023,21,2023,5,6,15,3304.010216783264
5_2023,21,2023,5,7,5,3951.4687096942534
5_2023,21,2023,5,7,8,4160.344827170173
5_2023,21,2023,5,7,7.5,3731.2899102271263
5_2023,21,2023,5,7,5,3569.7318004093104
5_2023,21,2023,5,8,5,3668.965516874483
5_2023,21,2023,5,8,5,3602.426564135287
5_2023,21,2023,5,8,5,4182.886334192184
5_2023,21,2023,5,8,2,3836.564495146356
5_2023,21,2023,5,9,15,3370.1915705442075
5_2023,21,2023,5,9,20,3782.222221844
5_2023,21,2023,5,9,25,3804.444444064
5_2023,21,2023,5,9,25,3452.1072793482763
6_2023,22,2023,6,1,49,3024.137931034483
6_2023,22,2023,6,1,57,3604.7724137931023
6_2023,22,2023,6,1,50,3331.2459770114947
6_2023,22,2023,6,1,43,3073.379310344827
6_2023,22,2023,6,2,12,3961.620689655173
6_2023,22,2023,6,2,7,3820.494252873564
6_2023,22,2023,6,2,8,3786.8965517241377
6_2023,22,2023,6,2,8,3950.56551724138
6_2023,22,2023,6,3,8,4171.885057471264
6_2023,22,2023,6,3,7,4181.5310344827585
6_2023,22,2023,6,3,8,3777.586206896552
6_2023,22,2023,6,3,9,3956.105747126437
6_2023,22,2023,6,4,5,3267.2781609195404
6_2023,22,2023,6,4,7,4091.928735632184
6_2023,22,2023,6,4,3,4107.689655172414
6_2023,22,2023,6,4,9,4010.006896551724
6_2023,22,2023,6,5,2,3715.636781609196
6_2023,22,2023,6,5,6,4177.117241379311
6_2023,22,2023,6,5,4,3553.324137931035
6_2023,22,2023,6,5,3,3699.875862068965
6_2023,22,2023,6,6,3,3790.2528735632177
6_2023,22,2023,6,6,9,3649.1264367816098
6_2023,22,2023,6,6,6,3542.2666666666673
6_2023,22,2023,6,6,4,3525.7149425287353
6_2023,22,2023,6,7,3,3749.9310344827586
6_2023,22,2023,6,7,3,3792.471264367816
6_2023,22,2023,6,7,2,3916.5885057471264
6_2023,22,2023,6,7,3,3890.3586206896553
6_2023,22,2023,6,8,4,3776.9310344827586
6_2023,22,2023,6,8,2,3784.20459770115
6_2023,22,2023,6,8,4,3851.416091954024
6_2023,22,2023,6,8,3,3865.5770114942534
6_2023,22,2023,6,9,3,4007.990804597701
6_2023,22,2023,6,9,2,3640.71724137931
6_2023,22,2023,6,9,6,3942.620689655173
6_2023,22,2023,6,9,4,3974.1885057471272
7_2023,23,2023,7,1,27,3718.582375478926
7_2023,23,2023,7,1,25,3556.1728395061723
7_2023,23,2023,7,1,28,3472.8395061728384
7_2023,23,2023,7,1,28,3474.723286504895
7_2023,23,2023,7,2,10,3607.758620689655
7_2023,23,2023,7,2,9,4006.704980842911
7_2023,23,2023,7,2,11,3674.329501915708
7_2023,23,2023,7,2,9,3550.787569178374
7_2023,23,2023,7,3,9,3908.546189868029
7_2023,23,2023,7,3,8,4161.068539804172
7_2023,23,2023,7,3,9,3825.191570881226
7_2023,23,2023,7,3,9,3468.0076628352494
7_2023,23,2023,7,4,11,4154.278416347382
7_2023,23,2023,7,4,12,4091.900808854832
7_2023,23,2023,7,4,12,3933.588761174968
7_2023,23,2023,7,4,11,4075.0106428267345
7_2023,23,2023,7,5,10,3907.109408258834
7_2023,23,2023,7,5,12,4152.91613452533
7_2023,23,2023,7,5,10,3781.6091954022986
7_2023,23,2023,7,5,10,3599.1379310344823
7_2023,23,2023,7,6,13,3745.721583652618
7_2023,23,2023,7,6,12,4361.813537675606
7_2023,23,2023,7,6,13,3741.389953171563
7_2023,23,2023,7,6,11,3798.722860791826
7_2023,23,2023,7,7,13,3532.9821200510855
7_2023,23,2023,7,7,15,4728.192848020434
7_2023,23,2023,7,7,15,4293.0395913154525
7_2023,23,2023,7,7,15,3382.247765006386
7_2023,23,2023,7,8,13,4145.0191570881225
7_2023,23,2023,7,8,14,3936.270753512132
7_2023,23,2023,7,8,14,3913.8356747552143
7_2023,23,2023,7,8,12,3799.5742869306087
7_2023,23,2023,7,9,15,3709.578544061302
7_2023,23,2023,7,9,14,3595.6470838654736
7_2023,23,2023,7,9,14,3902.469135802468
7_2023,23,2023,7,9,12,3516.3367390378885
8_2023,24,2023,8,1,13.65,3295.827237896203
8_2023,24,2023,8,1,15.1,3948.045977011494
8_2023,24,2023,8,1,15.1,3905.798212005109
8_2023,24,2023,8,1,13.15,3990.8355586516504
8_2023,24,2023,8,2,5.75,4118.239869964008
8_2023,24,2023,8,2,4.8500000000000005,4161.592940903285
8_2023,24,2023,8,2,4.85,4257.672510546074
8_2023,24,2023,8,2,4.8,4257.619876930222
8_2023,24,2023,8,3,4.45,3989.213204845389
8_2023,24,2023,8,3,4.7,4370.723325206084
8_2023,24,2023,8,3,4.75,4152.587948450017
8_2023,24,2023,8,3,5.3,4764.346917450365
8_2023,24,2023,8,4,7.65,3818.474399164055
8_2023,24,2023,8,4,6.85,4121.100661790317
8_2023,24,2023,8,4,6.6,4119.8095901544175
8_2023,24,2023,8,4,7.35,4190.344827586207
8_2023,24,2023,8,5,6.4,4291.534502109214
8_2023,24,2023,8,5,7.35,4083.1208638105186
8_2023,24,2023,8,5,5.3,4266.937574983553
8_2023,24,2023,8,5,5.65,3998.6067572274465
8_2023,24,2023,8,6,5.75,4439.0433066295145
8_2023,24,2023,8,6,4.75,4068.160532528349
8_2023,24,2023,8,6,4.949999999999999,4265.892642904138
8_2023,24,2023,8,6,5.05,4410.6165099268555
8_2023,24,2023,8,7,7.199999999999999,4050.09172181586
8_2023,24,2023,8,7,7.15,3933.136731297651
8_2023,24,2023,8,7,6.3,4222.593753628236
8_2023,24,2023,8,7,6.15,4058.8258059522423
8_2023,24,2023,8,8,6.7,3926.5993265993266
8_2023,24,2023,8,8,7.65,4025.8105963853095
8_2023,24,2023,8,8,6.2,4048.1071248887342
8_2023,24,2023,8,8,6.5,4198.653198653198
8_2023,24,2023,8,9,4.85,4728.158210457061
8_2023,24,2023,8,9,4.1,4345.833817098185
8_2023,24,2023,8,9,4.9,4345.833817098185
8_2023,24,2023,8,9,4.3,3928.114865126359
9_2023,25,2023,9,1,50,3245.5938697318006
9_2023,25,2023,9,1,40,4181.299489144317
9_2023,25,2023,9,1,52.5,4032.4233716475096
9_2023,25,2023,9,1,42.5,3736.909323116219
9_2023,25,2023,9,2,10,4681.6730523627075
9_2023,25,2023,9,2,5,4977.931034482759
9_2023,25,2023,9,2,1,5055.28735632184
9_2023,25,2023,9,2,7.5,5008.9399744572165
9_2023,25,2023,9,3,2.5,4804.597701149425
9_2023,25,2023,9,3,4.3,5584.386973180075
9_2023,25,2023,9,3,5.2,5267.241379310344
9_2023,25,2023,9,3,3.2,5247.525542784164
9_2023,25,2023,9,4,5,4610.88441890166
9_2023,25,2023,9,4,10,4698.850574712644
9_2023,25,2023,9,4,2.5,4738.991060025543
9_2023,25,2023,9,4,2,5333.742017879949
9_2023,25,2023,9,5,5,4599.814814814816
9_2023,25,2023,9,5,10,4786.082375478927
9_2023,25,2023,9,5,2.5,5896.430395913155
9_2023,25,2023,9,5,1,4850.210727969348
9_2023,25,2023,9,6,10,4172.203065134099
9_2023,25,2023,9,6,10,4441.653895274586
9_2023,25,2023,9,6,1,5507.151979565772
9_2023,25,2023,9,6,2.5,5800
9_2023,25,2023,9,7,2,4575.389527458494
9_2023,25,2023,9,7,5,4770.114942528736
9_2023,25,2023,9,7,0.5,4787.911877394636
9_2023,25,2023,9,7,1,5447.024265644955
9_2023,25,2023,9,8,1.5,4936.340996168582
9_2023,25,2023,9,8,2.5,5019.201787994892
9_2023,25,2023,9,8,0.5,5356.2835249042155
9_2023,25,2023,9,8,1,5636.475095785441
9_2023,25,2023,9,9,1.5,5360.006385696041
9_2023,25,2023,9,9,3,4935.683269476373
9_2023,25,2023,9,9,2.5,5395.274584929758
9_2023,25,2023,9,9,1.5,5273.467432950191
11_2023,26,2023,11,1,20,3893.3
11_2023,26,2023,11,1,20,4601.8
11_2023,26,2023,11,1,18,3783.8
11_2023,26,2023,11,1,25,4766.3
11_2023,26,2023,11,2,4,3987.2
11_2023,26,2023,11,2,6,5102.6
11_2023,26,2023,11,2,3,4391.6
11_2023,26,2023,11,2,4,4945.3
11_2023,26,2023,11,3,2,4213
11_2023,26,2023,11,3,2,5329.4
11_2023,26,2023,11,3,1.5,4945.3
11_2023,26,2023,11,3,2,4954.1
11_2023,26,2023,11,4,2,4217.8
11_2023,26,2023,11,4,2,4652.4
11_2023,26,2023,11,4,2,4612.9
11_2023,26,2023,11,4,2.5,5068.5
11_2023,26,2023,11,5,4,4394.7
11_2023,26,2023,11,5,3,4536.2
11_2023,26,2023,11,5,3,4329.3
11_2023,26,2023,11,5,4,4088.8
11_2023,26,2023,11,6,3,4503.7
11_2023,26,2023,11,6,3,4641.5
11_2023,26,2023,11,6,4,4732.5
11_2023,26,2023,11,6,3,4725.4
11_2023,26,2023,11,7,2,4639.5
11_2023,26,2023,11,7,2,5211.5
11_2023,26,2023,11,7,2.6,5168.6
11_2023,26,2023,11,7,2.2,5042.8
11_2023,26,2023,11,8,1.5,4952.5
11_2023,26,2023,11,8,2,5377
11_2023,26,2023,11,8,1.2,4163
11_2023,26,2023,11,8,2,4914.4
11_2023,26,2023,11,9,2.2,5111.4
11_2023,26,2023,11,9,2,5180.2
11_2023,26,2023,11,9,2.5,4289.3
11_2023,26,2023,11,9,1.5,5115.7
12_2023,27,2023,12,1,15,2562.551724137931
12_2023,27,2023,12,1,12,2403.965517241379
12_2023,27,2023,12,1,18,2597.793103448276
12_2023,27,2023,12,1,16,2612.8965517241377
12_2023,27,2023,12,2,3,2489.551724137931
12_2023,27,2023,12,2,2.7,2927.551724137931
12_2023,27,2023,12,2,3.2,2599.8563218390805
12_2023,27,2023,12,2,3.5,2393.6781609195405
12_2023,27,2023,12,3,2.5,2333.3333333333335
12_2023,27,2023,12,3,2,2822.9195402298856
12_2023,27,2023,12,3,3,2790.270114942529
12_2023,27,2023,12,3,2.2,2308.0632183908046
12_2023,27,2023,12,4,4,2440.8879310344823
12_2023,27,2023,12,4,3.7,2501.0948275862065
12_2023,27,2023,12,4,5,2358.103448275862
12_2023,27,2023,12,4,4.5,3080.0172413793102
12_2023,27,2023,12,5,2.7,2546.2499999999995
12_2023,27,2023,12,5,2,2772.025862068965
12_2023,27,2023,12,5,3,2400.7499999999995
12_2023,27,2023,12,5,2.5,2630.0086206896553
12_2023,27,2023,12,6,1.5,2531.198275862069
12_2023,27,2023,12,6,0.9,2571.3362068965516
12_2023,27,2023,12,6,1,3018.841954022989
12_2023,27,2023,12,6,1.2,2676.1609195402298
12_2023,27,2023,12,7,0.8,2445.307471264368
12_2023,27,2023,12,7,0.6,2843.264367816092
12_2023,27,2023,12,7,0.7,3055.7241379310344
12_2023,27,2023,12,7,0.8,3085.692528735632
12_2023,27,2023,12,8,1.5,2752.5
12_2023,27,2023,12,8,1.2,3176.4166666666665
12_2023,27,2023,12,8,0.9,2861.1379310344823
12_2023,27,2023,12,8,1,2853.333333333333
12_2023,27,2023,12,9,2,2448.413793103448
12_2023,27,2023,12,9,1.5,2618.5057471264367
12_2023,27,2023,12,9,1.6,3244.942528735632
12_2023,27,2023,12,9,1.8,2991.862068965517
14_2023,28,2023,14,1,53.3,3289.2
14_2023,28,2023,14,1,53.7,4204.6
14_2023,28,2023,14,1,52.4,4064.6
14_2023,28,2023,14,1,52.7,3752.5
14_2023,28,2023,14,2,16.3,4118.1
14_2023,28,2023,14,2,14,4254.6
14_2023,28,2023,14,2,14.8,3946.7
14_2023,28,2023,14,2,14.4,4510.8
14_2023,28,2023,14,3,13.7,4285.3
14_2023,28,2023,14,3,13.7,3987.5
14_2023,28,2023,14,3,13.1,4832.1
14_2023,28,2023,14,3,11.8,4117.9
14_2023,28,2023,14,4,14.6,4611.5
14_2023,28,2023,14,4,14,4173.5
14_2023,28,2023,14,4,13.5,4182.9
14_2023,28,2023,14,4,14.8,4564.2
14_2023,28,2023,14,5,12.7,4814.9
14_2023,28,2023,14,5,13.3,4340.2
14_2023,28,2023,14,5,14.2,5126.4
14_2023,28,2023,14,5,13.9,5012.4
14_2023,28,2023,14,6,12.7,5063.6
14_2023,28,2023,14,6,12,5312.3
14_2023,28,2023,14,6,11.6,4802.1
14_2023,28,2023,14,6,11.4,4915
14_2023,28,2023,14,7,11.4,5069.3
14_2023,28,2023,14,7,13.1,4561.1
14_2023,28,2023,14,7,12.9,5075.2
14_2023,28,2023,14,7,11.6,4857
14_2023,28,2023,14,8,9.9,5267
14_2023,28,2023,14,8,12.4,4486
14_2023,28,2023,14,8,12.2,4674
14_2023,28,2023,14,8,12.7,4489.5
14_2023,28,2023,14,9,14.2,4910.9
14_2023,28,2023,14,9,14,4317.6
14_2023,28,2023,14,9,12.5,5331.5
14_2023,28,2023,14,9,14.6,4042.7
15_2023,29,2023,15,1,35,2888.551724137931
15_2023,29,2023,15,1,35,3069.1954022988502
15_2023,29,2023,15,1,40,3241.9655172413795
15_2023,29,2023,15,1,40,3114.206896551724
15_2023,29,2023,15,2,15,3172.275862068965
15_2023,29,2023,15,2,15,3477.2183908045977
15_2023,29,2023,15,2,15,4594.379310344826
15_2023,29,2023,15,2,18,4176.137931034484
15_2023,29,2023,15,3,15,3676.735632183907
15_2023,29,2023,15,3,12,3098.4827586206898
15_2023,29,2023,15,3,15,4686.3448275862065
15_2023,29,2023,15,3,18,3764.655172413793
15_2023,29,2023,15,4,15,3515.7241379310344
15_2023,29,2023,15,4,18,3859.586206896551
15_2023,29,2023,15,4,15,4647.724137931034
15_2023,29,2023,15,4,18,4747.12643678161
15_2023,29,2023,15,5,18,3361.0344827586205
15_2023,29,2023,15,5,20,3535.4022988505744
15_2023,29,2023,15,5,15,4279.172413793103
15_2023,29,2023,15,5,20,4025.2873563218386
15_2023,29,2023,15,6,30,4080.027586206896
15_2023,29,2023,15,6,18,3346.022988505748
15_2023,29,2023,15,6,15,4412.896551724138
15_2023,29,2023,15,6,20,4481.28735632184
15_2023,29,2023,15,7,25,3921.103448275862
15_2023,29,2023,15,7,18,3587.1264367816084
15_2023,29,2023,15,7,15,4944.183908045977
15_2023,29,2023,15,7,18,4623.701149425288
15_2023,29,2023,15,8,22,3935.379310344828
15_2023,29,2023,15,8,18,3783.287356321839
15_2023,29,2023,15,8,15,4809.908045977013
15_2023,29,2023,15,8,18,4269.620689655173
15_2023,29,2023,15,9,15,3758.793103448276
15_2023,29,2023,15,9,15,3171.5517241379316
15_2023,29,2023,15,9,18,3353.0114942528735
15_2023,29,2023,15,9,15,2827.0344827586214
1_2024,30,2024,1,1,80,4765.57
1_2024,30,2024,1,1,70,4657.17
1_2024,30,2024,1,1,70,4238.45
1_2024,30,2024,1,1,75,4901.41
1_2024,30,2024,1,2,40,5129.73
1_2024,30,2024,1,2,50,4540.69
1_2024,30,2024,1,2,38,4989.21
1_2024,30,2024,1,2,45,5295.26
1_2024,30,2024,1,3,33,5235.37
1_2024,30,2024,1,3,38,5173.68
1_2024,30,2024,1,3,38,5119.45
1_2024,30,2024,1,3,30,5281.11
1_2024,30,2024,1,4,35,5486.9
1_2024,30,2024,1,4,28,5222.59
1_2024,30,2024,1,4,30,5496.47
1_2024,30,2024,1,4,33,5348.85
1_2024,30,2024,1,5,25,5300.55
1_2024,30,2024,1,5,25,5192.51
1_2024,30,2024,1,5,30,5177.7
1_2024,30,2024,1,5,28,5641.94
1_2024,30,2024,1,6,28,5368.53
1_2024,30,2024,1,6,23,5206.52
1_2024,30,2024,1,6,28,4983.22
1_2024,30,2024,1,6,25,5343.33
1_2024,30,2024,1,7,35,5216.98
1_2024,30,2024,1,7,40,4558.05
1_2024,30,2024,1,7,40,5171.29
1_2024,30,2024,1,7,38,5353.45
1_2024,30,2024,1,8,30,5513.45
1_2024,30,2024,1,8,30,5053.36
1_2024,30,2024,1,8,32,5063.33
1_2024,30,2024,1,8,35,5412.93
1_2024,30,2024,1,9,55,5043.45
1_2024,30,2024,1,9,50,5061.61
1_2024,30,2024,1,9,55,4263.58
1_2024,30,2024,1,9,55,5229.89
1_2024,30,2024,1,10,28,5392.07
1_2024,30,2024,1,10,30,4631.38
1_2024,30,2024,1,10,30,5056.55
1_2024,30,2024,1,10,30,5527.01
1_2024,30,2024,1,11,38,5438.36
1_2024,30,2024,1,11,35,4930.47
1_2024,30,2024,1,11,33,5246.67
1_2024,30,2024,1,11,35,5364.25
1_2024,30,2024,1,12,35,5351.36
1_2024,30,2024,1,12,40,5054.31
1_2024,30,2024,1,12,30,5304.91
1_2024,30,2024,1,12,45,5405.17
1_2024,30,2024,1,13,25,5240.69
1_2024,30,2024,1,13,30,5356.59
1_2024,30,2024,1,13,25,5359.66
1_2024,30,2024,1,13,25,5559.11
1_2024,30,2024,1,14,26,5380.24
1_2024,30,2024,1,14,28,5295.26
1_2024,30,2024,1,14,23,5382.04
1_2024,30,2024,1,14,20,5372.59
1_2024,30,2024,1,15,28,5371.82
1_2024,30,2024,1,15,25,4545.37
1_2024,30,2024,1,15,25,5332.95
1_2024,30,2024,1,15,25,4947.16
2_2024,31,2024,2,1,95,3752.958705832268
2_2024,31,2024,2,1,95,4378.033205619412
2_2024,31,2024,2,1,75,4430.727969348659
2_2024,31,2024,2,1,80,4645.517241379311
2_2024,31,2024,2,2,7.5,4569.740315027671
2_2024,31,2024,2,2,15,4894.508301404853
2_2024,31,2024,2,2,35,5171.119625372498
2_2024,31,2024,2,2,20,4590.3448275862065
2_2024,31,2024,2,3,5,4980.842911877396
2_2024,31,2024,2,3,7.5,4896.483610046829
2_2024,31,2024,2,3,35,5184.844614729672
2_2024,31,2024,2,3,15,4681.481481481481
2_2024,31,2024,2,4,10,4815.312899106002
2_2024,31,2024,2,4,7.5,4610.166028097063
2_2024,31,2024,2,4,15,5740.208599404001
2_2024,31,2024,2,4,15,4761.0217113665385
2_2024,31,2024,2,5,15,4361.813537675605
2_2024,31,2024,2,5,15,4482.924648786718
2_2024,31,2024,2,5,20,4813.963388676032
2_2024,31,2024,2,5,15,4849.974457215836
2_2024,31,2024,2,6,5,4081.6347381864625
2_2024,31,2024,2,6,20,4370.221370796083
2_2024,31,2024,2,6,15,4934.44018731375
2_2024,31,2024,2,6,20,4939.344401873138
2_2024,31,2024,2,7,5,4576.487867177523
2_2024,31,2024,2,7,15,4633.333333333333
2_2024,31,2024,2,7,12,5740.740740740741
2_2024,31,2024,2,7,15,5519.106002554277
2_2024,31,2024,2,8,10,4842.486164325244
2_2024,31,2024,2,8,20,4840.74074074074
2_2024,31,2024,2,8,10,4872.298850574712
2_2024,31,2024,2,8,15,4603.150276713494
2_2024,31,2024,2,9,60,3632.69902085994
2_2024,31,2024,2,9,80,4244.572158365261
2_2024,31,2024,2,9,75,5228.403575989782
2_2024,31,2024,2,9,50,4894.4444444444425
2_2024,31,2024,2,10,45,5280.527884206045
2_2024,31,2024,2,10,55,4818.3482332907615
2_2024,31,2024,2,10,45,5169.8595146871
2_2024,31,2024,2,10,50,4962.962962962963
2_2024,31,2024,2,11,45,4503.192848020434
2_2024,31,2024,2,11,35,4538.143891017453
2_2024,31,2024,2,11,50,5431.417624521072
2_2024,31,2024,2,11,50,5734.563644103872
2_2024,31,2024,2,12,60,4459.770114942528
2_2024,31,2024,2,12,50,4414.11238825032
2_2024,31,2024,2,12,75,5182.256279267773
2_2024,31,2024,2,12,60,4679.799914857386
2_2024,31,2024,2,13,52.5,4488.33546189868
2_2024,31,2024,2,13,50,5179.054916985952
2_2024,31,2024,2,13,75,4925.500212856535
2_2024,31,2024,2,13,60,4933.844189016602
2_2024,31,2024,2,14,52.5,4518.952745849298
2_2024,31,2024,2,14,65,4533.844189016603
2_2024,31,2024,2,14,45,5073.83141762452
2_2024,31,2024,2,14,40,4629.544487015751
2_2024,31,2024,2,15,35,4358.995317156236
2_2024,31,2024,2,15,30,4411.025968497233
2_2024,31,2024,2,15,40,5038.3908045977005
2_2024,31,2024,2,15,45,4859.259259259259
3_2024,32,2024,3,1,35,4992.931034482758
3_2024,32,2024,3,1,38,4254
3_2024,32,2024,3,1,37,5040.88122605364
3_2024,32,2024,3,1,35,4854
3_2024,32,2024,3,2,14,5273.045977011494
3_2024,32,2024,3,2,12,5122.289272030651
3_2024,32,2024,3,2,11,5577.854406130267
3_2024,32,2024,3,2,12,5594.85632183908
3_2024,32,2024,3,3,17,4866.206896551724
3_2024,32,2024,3,3,14,4475.862068965517
3_2024,32,2024,3,3,11,5288.620689655172
3_2024,32,2024,3,3,14,5241.340996168583
3_2024,32,2024,3,4,14,5069.252873563219
3_2024,32,2024,3,4,10,4919.760536398467
3_2024,32,2024,3,4,11,4800
3_2024,32,2024,3,4,12,4734.109195402299
3_2024,32,2024,3,5,15,4740
3_2024,32,2024,3,5,13,5082.758620689656
3_2024,32,2024,3,5,12,5069.252873563219
3_2024,32,2024,3,5,13,5413.026819923372
3_2024,32,2024,3,6,16,4501.293103448275
3_2024,32,2024,3,6,12,4998.591954022989
3_2024,32,2024,3,6,11,5434.521072796934
3_2024,32,2024,3,6,13,5797.385057471263
3_2024,32,2024,3,7,14,4984.482758620689
3_2024,32,2024,3,7,11,4958.9655172413795
3_2024,32,2024,3,7,14,5540.057471264368
3_2024,32,2024,3,7,13,5859.463601532567
3_2024,32,2024,3,8,14,4922.471264367817
3_2024,32,2024,3,8,10,5311.532567049809
3_2024,32,2024,3,8,13,5111.637931034483
3_2024,32,2024,3,8,12,5082.758620689656
3_2024,32,2024,3,9,16,5156.666666666667
3_2024,32,2024,3,9,11,5360.919540229886
3_2024,32,2024,3,9,16,5105.862068965517
3_2024,32,2024,3,9,14,5279.051724137932
3_2024,32,2024,3,10,15,4597.068965517242
3_2024,32,2024,3,10,13,5954.3295019157085
3_2024,32,2024,3,10,11,5385.287356321839
3_2024,32,2024,3,10,13,4790.172413793103
3_2024,32,2024,3,11,16,5774.789272030652
3_2024,32,2024,3,11,14,4811.159003831418
3_2024,32,2024,3,11,13,5168.735632183908
3_2024,32,2024,3,11,14,5375.450191570881
3_2024,32,2024,3,12,14,5221.0344827586205
3_2024,32,2024,3,12,13,6191.149425287356
3_2024,32,2024,3,12,12,5438.400383141762
3_2024,32,2024,3,12,13,4756.379310344828
3_2024,32,2024,3,13,12,4866.494252873564
3_2024,32,2024,3,13,13,5803.96551724138
3_2024,32,2024,3,13,14,5213.122605363985
3_2024,32,2024,3,13,13,5097.394636015325
3_2024,32,2024,3,14,11,5609.6551724137935
3_2024,32,2024,3,14,12,5181.360153256704
3_2024,32,2024,3,14,12,5130.727969348659
3_2024,32,2024,3,14,11,5277.701149425287
3_2024,32,2024,3,15,12,5489.147509578544
3_2024,32,2024,3,15,13,5237.931034482759
3_2024,32,2024,3,15,12,5621.83908045977
3_2024,32,2024,3,15,12,4995.785440613027
4_2024,33,2024,4,1,63.5,4062.5431034482754
4_2024,33,2024,4,1,65.25,4199.597701149425
4_2024,33,2024,4,1,67.5,4164.985632183908
4_2024,33,2024,4,1,66.45,4046.609195402299
4_2024,33,2024,4,2,46.46875,4573.333333333333
4_2024,33,2024,4,2,52.21875,4915.589080459771
4_2024,33,2024,4,2,48.625,4385.689655172414
4_2024,33,2024,4,2,54.625,4858.002873563219
4_2024,33,2024,4,3,48.2375,4895.459770114942
4_2024,33,2024,4,3,44.125,4922.8448275862065
4_2024,33,2024,4,3,46.5,4883.477011494253
4_2024,33,2024,4,3,47.64875,5096.724137931034
4_2024,33,2024,4,4,49.375,4824.418103448275
4_2024,33,2024,4,4,54.75,4659.181034482758
4_2024,33,2024,4,4,51.4375,4927.1551724137935
4_2024,33,2024,4,4,52.09375,4672.5718390804595
4_2024,33,2024,4,5,49.59375,4040.76867816092
4_2024,33,2024,4,5,53.1875,4526.637931034483
4_2024,33,2024,4,5,53.5,4871.839080459771
4_2024,33,2024,4,5,53.6875,4738.649425287356
4_2024,33,2024,4,6,53.8125,4631.5301724137935
4_2024,33,2024,4,6,54.96875,4577.456896551725
4_2024,33,2024,4,6,55.0625,4296.8031609195405
4_2024,33,2024,4,6,54.375,4492.995689655173
4_2024,33,2024,4,7,56.40625,4270.833333333333
4_2024,33,2024,4,7,57.8125,4372.593390804598
4_2024,33,2024,4,7,54.875,4475.086206896552
4_2024,33,2024,4,7,57.28125,4643.5344827586205
4_2024,33,2024,4,8,54.5625,4847.5
4_2024,33,2024,4,8,51.0625,4534.051724137931
4_2024,33,2024,4,8,50.53125,4492.995689655173
4_2024,33,2024,4,8,55.0625,4590.445402298851
4_2024,33,2024,4,9,53.9375,4387.370689655173
4_2024,33,2024,4,9,57.5,4546.10632183908
4_2024,33,2024,4,9,54.5,4489.597701149425
4_2024,33,2024,4,9,58.275,4470.675287356322
4_2024,33,2024,4,10,49.0625,5174.166666666666
4_2024,33,2024,4,10,51,4460.186781609195
4_2024,33,2024,4,10,53.875,5077.241379310344
4_2024,33,2024,4,10,48.5625,5149.7844827586205
4_2024,33,2024,4,11,48.65625,5068.383620689656
4_2024,33,2024,4,11,53.09375,4631.989942528736
4_2024,33,2024,4,11,47,5050.833333333333
4_2024,33,2024,4,11,48.5,5165.9698275862065
4_2024,33,2024,4,12,52.4375,4789.224137931034
4_2024,33,2024,4,12,54.71875,4754.0948275862065
4_2024,33,2024,4,12,53,4782.040229885058
4_2024,33,2024,4,12,53.84375,4983.620689655173
4_2024,33,2024,4,13,45.1875,5199.137931034483
4_2024,33,2024,4,13,43.25,5160.775862068965
4_2024,33,2024,4,13,47,5167.514367816091
4_2024,33,2024,4,13,44.1,5111.810344827586
4_2024,33,2024,4,14,47.15625,4719.181034482758
4_2024,33,2024,4,14,45.1875,5310.050287356322
4_2024,33,2024,4,14,47.71875,5267.600574712645
4_2024,33,2024,4,14,47.1875,4700.323275862069
4_2024,33,2024,4,15,53.46875,4951.3218390804595
4_2024,33,2024,4,15,54.0625,4580.0718390804595
4_2024,33,2024,4,15,53.8125,4691.25
4_2024,33,2024,4,15,54.40625,4615.086206896552
5_2024,34,2024,5,1,38,2907.7088122605364
5_2024,34,2024,5,1,35,2751.7241379310344
5_2024,34,2024,5,1,42,2768.1226053639843
5_2024,34,2024,5,1,37,3003.111111111111
5_2024,34,2024,5,2,5,3938.114942528736
5_2024,34,2024,5,2,6,4120.183908045977
5_2024,34,2024,5,2,9,3677.6551724137935
5_2024,34,2024,5,2,9,3698.3141762452105
5_2024,34,2024,5,3,5,4336.341762452107
5_2024,34,2024,5,3,4,4248
5_2024,34,2024,5,3,5,4193.777777777778
5_2024,34,2024,5,3,6,4281.578544061304
5_2024,34,2024,5,4,5,4480
5_2024,34,2024,5,4,2,4643.724137931034
5_2024,34,2024,5,4,1,4171.908045977011
5_2024,34,2024,5,4,1,4220.229885057472
5_2024,34,2024,5,5,3,3798.620689655173
5_2024,34,2024,5,5,2,4055.52490421456
5_2024,34,2024,5,5,5,3537.164750957855
5_2024,34,2024,5,5,4,3886.206896551724
5_2024,34,2024,5,6,4,4190.16091954023
5_2024,34,2024,5,6,4,4236.47509578544
5_2024,34,2024,5,6,4,4114.038314176245
5_2024,34,2024,5,6,4,3804.352490421455
5_2024,34,2024,5,7,5,4145.057471264367
5_2024,34,2024,5,7,6,3943.295019157088
5_2024,34,2024,5,7,5,4043.831417624521
5_2024,34,2024,5,7,4,4211.862068965517
5_2024,34,2024,5,8,5,3563.6781609195405
5_2024,34,2024,5,8,5,4190.988505747127
5_2024,34,2024,5,8,6,4042.850574712643
5_2024,34,2024,5,8,5,3762.8352490421457
5_2024,34,2024,5,9,12,3520.2452107279687
5_2024,34,2024,5,9,12,3997.931034482758
5_2024,34,2024,5,9,12,3873.103448275862
5_2024,34,2024,5,9,12,3493.808429118774
5_2024,34,2024,5,10,5,3632.229885057472
5_2024,34,2024,5,10,4,4287.203065134099
5_2024,34,2024,5,10,6,4099.172413793104
5_2024,34,2024,5,10,4,4384
5_2024,34,2024,5,11,5,4141.747126436782
5_2024,34,2024,5,11,4,4494.712643678161
5_2024,34,2024,5,11,5,4393.425287356322
5_2024,34,2024,5,11,6,3934.4827586206898
5_2024,34,2024,5,12,5,4240.153256704981
5_2024,34,2024,5,12,6,4140.689655172414
5_2024,34,2024,5,12,5,4157.624521072797
5_2024,34,2024,5,12,6,4407.295019157088
5_2024,34,2024,5,13,5,4418.681992337165
5_2024,34,2024,5,13,1,4078.9118773946366
5_2024,34,2024,5,13,2,4100.229885057472
5_2024,34,2024,5,13,2,4423.570881226054
5_2024,34,2024,5,14,2,4394.789272030651
5_2024,34,2024,5,14,2,4158.16091954023
5_2024,34,2024,5,14,1,4346.3601532567045
5_2024,34,2024,5,14,3,4308.842911877395
5_2024,34,2024,5,15,3,4151.908045977011
5_2024,34,2024,5,15,3,4331.417624521073
5_2024,34,2024,5,15,4,4201.241379310345
5_2024,34,2024,5,15,2,4192.459770114942
6_2024,35,2024,6,1,20,3258.2
6_2024,35,2024,6,1,23,3241.5
6_2024,35,2024,6,1,20,3373.3
6_2024,35,2024,6,1,19,3355.7
6_2024,35,2024,6,2,4.5,3353.7
6_2024,35,2024,6,2,4,3398.3
6_2024,35,2024,6,2,4.3,3418.6
6_2024,35,2024,6,2,4.3,3292
6_2024,35,2024,6,3,2.8,3517
6_2024,35,2024,6,3,3,3523.9
6_2024,35,2024,6,3,3,3712.3
6_2024,35,2024,6,3,3,3595.3
6_2024,35,2024,6,4,4.2,3591.8
6_2024,35,2024,6,4,3.2,3496.6
6_2024,35,2024,6,4,4.2,3573.6
6_2024,35,2024,6,4,4.2,3569.7
6_2024,35,2024,6,5,5.8,3266
6_2024,35,2024,6,5,4.5,3358.1
6_2024,35,2024,6,5,4.7,3227.5
6_2024,35,2024,6,5,4.7,3461.8
6_2024,35,2024,6,6,3.8,3468.3
6_2024,35,2024,6,6,3.8,3501.7
6_2024,35,2024,6,6,2.8,3798.8
6_2024,35,2024,6,6,2.8,3596.7
6_2024,35,2024,6,7,2.5,3553.4
6_2024,35,2024,6,7,2.8,3381.3
6_2024,35,2024,6,7,3,3493.9
6_2024,35,2024,6,7,3,3507.7
6_2024,35,2024,6,8,5,3760.5
6_2024,35,2024,6,8,5.5,3816
6_2024,35,2024,6,8,5.5,3647.8
6_2024,35,2024,6,8,5.5,3725
6_2024,35,2024,6,9,7,3712.3
6_2024,35,2024,6,9,7,3788.8
6_2024,35,2024,6,9,5.5,3882.3
6_2024,35,2024,6,9,7,3477.7
6_2024,35,2024,6,10,4.5,3478.5
6_2024,35,2024,6,10,5.5,4581.8
6_2024,35,2024,6,10,5,3942.6
6_2024,35,2024,6,10,4.5,3440.6
6_2024,35,2024,6,11,5.5,3732
6_2024,35,2024,6,11,5.5,4767.9
6_2024,35,2024,6,11,5.5,3761.8
6_2024,35,2024,6,11,5.5,3763.3
6_2024,35,2024,6,12,3.3,3717.8
6_2024,35,2024,6,12,3.3,3965.4
6_2024,35,2024,6,12,2.8,3644.4
6_2024,35,2024,6,12,2.8,3771.8
6_2024,35,2024,6,13,4.5,3838.6
6_2024,35,2024,6,13,3.5,4217.8
6_2024,35,2024,6,13,4,4025.4
6_2024,35,2024,6,13,4,4016.1
6_2024,35,2024,6,14,4.2,3525.9
6_2024,35,2024,6,14,4.7,4661.4
6_2024,35,2024,6,14,4.5,3561.4
6_2024,35,2024,6,14,4,3909.6
6_2024,35,2024,6,15,3,3295
6_2024,35,2024,6,15,4,3880
6_2024,35,2024,6,15,4.3,3941.8
6_2024,35,2024,6,15,4.3,3946.3
9_2024,36,2024,9,1,12,2664.661333333333
9_2024,36,2024,9,1,8,3063.7823999999996
9_2024,36,2024,9,1,6,2859.8783999999996
9_2024,36,2024,9,1,8,2739.4559999999997
9_2024,36,2024,9,2,0,2886.2464
9_2024,36,2024,9,2,2,3206.2464000000004
9_2024,36,2024,9,2,2,3177.5744
9_2024,36,2024,9,2,0,3082.513066666667
9_2024,36,2024,9,3,0,3446.9717333333338
9_2024,36,2024,9,3,0,3478.528
9_2024,36,2024,9,3,2,3375.2576
9_2024,36,2024,9,3,0,2968.704
9_2024,36,2024,9,4,5,3137.3055999999997
9_2024,36,2024,9,4,2,3162.862933333333
9_2024,36,2024,9,4,2,3214.5919999999996
9_2024,36,2024,9,4,0,3166.5578666666665
9_2024,36,2024,9,5,0,3049.983999999999
9_2024,36,2024,9,5,0,2920.601599999999
9_2024,36,2024,9,5,0,3013.2479999999996
9_2024,36,2024,9,5,0,3002.88
9_2024,36,2024,9,6,0,3137.2799999999997
9_2024,36,2024,9,6,1,2860.9535999999994
9_2024,36,2024,9,6,0,2754.2357333333334
9_2024,36,2024,9,6,1,2946.7135999999996
9_2024,36,2024,9,7,0,3365.794133333333
9_2024,36,2024,9,7,0,3298.1930666666663
9_2024,36,2024,9,7,0,2898.158933333333
9_2024,36,2024,9,7,1,2828.6719999999996
9_2024,36,2024,9,8,0,3328.9813333333327
9_2024,36,2024,9,8,0,3182.1823999999997
9_2024,36,2024,9,8,0,3078.801066666667
9_2024,36,2024,9,8,0,3254.5791999999997
9_2024,36,2024,9,9,3,3042.8160000000003
9_2024,36,2024,9,9,5,3137.2799999999997
9_2024,36,2024,9,9,1,3140.130133333333
9_2024,36,2024,9,9,0,3159.2703999999994
9_2024,36,2024,9,10,0,2988.7488
9_2024,36,2024,9,10,2,3776.4608
9_2024,36,2024,9,10,0,3005.952
9_2024,36,2024,9,10,2,3229.0133333333333
9_2024,36,2024,9,11,0,2716.3135999999995
9_2024,36,2024,9,11,2,3232.5888
9_2024,36,2024,9,11,2,3229.4229333333333
9_2024,36,2024,9,11,0,3067.0848000000005
9_2024,36,2024,9,12,4,3181.3375999999994
9_2024,36,2024,9,12,5,3037.2351999999996
9_2024,36,2024,9,12,0,2946.7135999999996
9_2024,36,2024,9,12,0,3067.750399999999
9_2024,36,2024,9,13,5,3278.9503999999997
9_2024,36,2024,9,13,0,3652.676266666667
9_2024,36,2024,9,13,0,3203.3791999999994
9_2024,36,2024,9,13,2,3009.1775999999995
9_2024,36,2024,9,14,5,2991.889066666666
9_2024,36,2024,9,14,5,3038.6858666666667
9_2024,36,2024,9,14,0,3251.0293333333334
9_2024,36,2024,9,14,1,3038.4639999999995
9_2024,36,2024,9,15,2,3117.806933333333
9_2024,36,2024,9,15,2,3569.3055999999992
9_2024,36,2024,9,15,0,3177.5744
9_2024,36,2024,9,15,0,3281.1007999999997
10_2024,37,2024,10,1,57.5,2516.260536398467
10_2024,37,2024,10,1,57.5,2569.1954022988507
10_2024,37,2024,10,1,57.5,2540.2758620689656
10_2024,37,2024,10,1,59,2464.5057471264363
10_2024,37,2024,10,2,32.5,2911.289910600256
10_2024,37,2024,10,2,32.5,2771.3920817369094
10_2024,37,2024,10,2,32.5,2878.4163473818644
10_2024,37,2024,10,2,32.5,2932.056194125159
10_2024,37,2024,10,3,26,3900.791826309068
10_2024,37,2024,10,3,26,3938.058748403575
10_2024,37,2024,10,3,26,3711.1025968497233
10_2024,37,2024,10,3,26,3685.449127288208
10_2024,37,2024,10,4,30,4096.934865900384
10_2024,37,2024,10,4,30,4293.23116219668
10_2024,37,2024,10,4,30,3918.603661132397
10_2024,37,2024,10,4,30,4280.459770114943
10_2024,37,2024,10,5,25,3736.44103873989
10_2024,37,2024,10,5,25,3782.120051085568
10_2024,37,2024,10,5,25,3848.582375478927
10_2024,37,2024,10,5,25,3985.185185185185
10_2024,37,2024,10,6,26,3057.488292890592
10_2024,37,2024,10,6,26,3077.939548744147
10_2024,37,2024,10,6,26,3068.939974457215
10_2024,37,2024,10,6,26,3296.704980842912
10_2024,37,2024,10,7,30,3248.1481481481483
10_2024,37,2024,10,7,30,3173.690932311622
10_2024,37,2024,10,7,30,3192.234993614304
10_2024,37,2024,10,7,30,3172.6351638995316
10_2024,37,2024,10,8,26,4463.277990634313
10_2024,37,2024,10,8,26,4337.590464027246
10_2024,37,2024,10,8,26,4493.137505321412
10_2024,37,2024,10,8,26,4255.240527884206
10_2024,37,2024,10,9,51,3191.281396338867
10_2024,37,2024,10,9,51,3094.4231587909753
10_2024,37,2024,10,9,51,2986.4623243933593
10_2024,37,2024,10,9,51,2967.0498084291194
10_2024,37,2024,10,10,45,4227.2030651341
10_2024,37,2024,10,10,45,4121.787994891443
10_2024,37,2024,10,10,45,4182.835249042146
10_2024,37,2024,10,10,45,4188.3354618986805
10_2024,37,2024,10,11,39,4190.344827586207
10_2024,37,2024,10,11,39,3930.557684120902
10_2024,37,2024,10,11,39,3902.222222222222
10_2024,37,2024,10,11,39,4028.071519795657
10_2024,37,2024,10,12,41.5,4430.549169859515
10_2024,37,2024,10,12,41.5,4460.791826309067
10_2024,37,2024,10,12,41.5,4433.128991060024
10_2024,37,2024,10,12,41.5,4255.768412090251
10_2024,37,2024,10,13,36,4040.153256704981
10_2024,37,2024,10,13,36,4023.75478927203
10_2024,37,2024,10,13,36,3963.473818646232
10_2024,37,2024,10,13,36,3986.036611323968
10_2024,37,2024,10,14,45,3967.9182630906766
10_2024,37,2024,10,14,45,3784.8275862068967
10_2024,37,2024,10,14,45,3774.082588335462
10_2024,37,2024,10,14,45,3791.230310770541
10_2024,37,2024,10,15,32.5,4305.900383141761
10_2024,37,2024,10,15,32.5,4203.925074499787
10_2024,37,2024,10,15,32.5,4167.816091954023
10_2024,37,2024,10,15,32.5,4074.806300553427
11_2024,38,2024,11,1,40,2946.360153256705
11_2024,38,2024,11,1,40,3034.1344479275517
11_2024,38,2024,11,1,40,2868.129571577847
11_2024,38,2024,11,1,40,3110.247300592128
11_2024,38,2024,11,2,18,3486.9801462904907
11_2024,38,2024,11,2,21,3429.968652037617
11_2024,38,2024,11,2,20,3347.428306048995
11_2024,38,2024,11,2,22,3457.136886102403
11_2024,38,2024,11,3,14,4051.224892604202
11_2024,38,2024,11,3,13.5,3559.6238244514107
11_2024,38,2024,11,3,14,3579.867641936607
11_2024,38,2024,11,3,13.4,3756.7398119122254
11_2024,38,2024,11,4,10,3406.4228491814692
11_2024,38,2024,11,4,8,3525.331475676303
11_2024,38,2024,11,4,10,3903.448275862069
11_2024,38,2024,11,4,10,4052.9246487867176
11_2024,38,2024,11,5,9,3534.6685243236966
11_2024,38,2024,11,5,9,3482.0202020202023
11_2024,38,2024,11,5,8,3697.573435504469
11_2024,38,2024,11,5,10,3670.038314176245
11_2024,38,2024,11,6,13,3747.832346453036
11_2024,38,2024,11,6,12.5,3445.377917102055
11_2024,38,2024,11,6,13,3497.8195750609543
11_2024,38,2024,11,6,12,3990.2101474515266
11_2024,38,2024,11,7,13,3755.5044699872287
11_2024,38,2024,11,7,19,3533.0779054916984
11_2024,38,2024,11,7,15,3613.923139440381
11_2024,38,2024,11,7,19,3818.50690816208
11_2024,38,2024,11,8,12.5,3370.1567398119123
11_2024,38,2024,11,8,12,3424.1890166028093
11_2024,38,2024,11,8,12,3476.73516776965
11_2024,38,2024,11,8,12,3888.642749332405
11_2024,38,2024,11,9,22,2899.0456287008014
11_2024,38,2024,11,9,20,3170.1497735980493
11_2024,38,2024,11,9,21,3252.3534192499706
11_2024,38,2024,11,9,21,3776.835016835016
11_2024,38,2024,11,10,13,3359.9071171484966
11_2024,38,2024,11,10,13,3450.017415534657
11_2024,38,2024,11,10,15,3371.0855683269474
11_2024,38,2024,11,10,17,3406.0606060606056
11_2024,38,2024,11,11,17,3548.8122605363988
11_2024,38,2024,11,11,16.9,3425.635667014977
11_2024,38,2024,11,11,15.1,3555.694879832811
11_2024,38,2024,11,11,16,3218.390804597701
11_2024,38,2024,11,12,25,3435.783118541739
11_2024,38,2024,11,12,23,3327.723209102519
11_2024,38,2024,11,12,22,3130.895158481366
11_2024,38,2024,11,12,25,3737.7777777777774
11_2024,38,2024,11,13,16,3801.56043190526
11_2024,38,2024,11,13,17,3288.3594566353186
11_2024,38,2024,11,13,17,3772.827121792639
11_2024,38,2024,11,13,23,3752.838732149077
11_2024,38,2024,11,14,11.8,3784.0473702542663
11_2024,38,2024,11,14,11.8,3961.123882503193
11_2024,38,2024,11,14,11.8,3701.507024265644
11_2024,38,2024,11,14,12.5,3726.0606060606056
11_2024,38,2024,11,15,12,4004.904214559386
11_2024,38,2024,11,15,10,3788.0250783699057
11_2024,38,2024,11,15,12,3802.49390456287
11_2024,38,2024,11,15,10,4068.1945895739
14_2024,39,2024,14,1,20,2916.465517241379
14_2024,39,2024,14,1,25,3050.620689655172
14_2024,39,2024,14,1,22,2887.66091954023
14_2024,39,2024,14,1,20,2802.3908045977014
14_2024,39,2024,14,2,6.5,3325.534482758621
14_2024,39,2024,14,2,7,2958.17816091954
14_2024,39,2024,14,2,6,3103.548850574713
14_2024,39,2024,14,2,7.5,2919.925287356322
14_2024,39,2024,14,3,4.5,3283.5316091954023
14_2024,39,2024,14,3,6,3611.034482758621
14_2024,39,2024,14,3,5,3213.0603448275865
14_2024,39,2024,14,3,5.2,3465.201149425287
14_2024,39,2024,14,4,3,3232.609195402299
14_2024,39,2024,14,4,2.5,3396.2068965517246
14_2024,39,2024,14,4,2,3337.7586206896553
14_2024,39,2024,14,4,2.8,3540.5373563218395
14_2024,39,2024,14,5,4,3624.2270114942535
14_2024,39,2024,14,5,3.5,3322.0143678160925
14_2024,39,2024,14,5,3.2,3212.752873563219
14_2024,39,2024,14,5,3,3584.4827586206898
14_2024,39,2024,14,6,6,2994.885057471264
14_2024,39,2024,14,6,5.7,3373.1580459770116
14_2024,39,2024,14,6,6.2,3168.583333333334
14_2024,39,2024,14,6,5,3061.646551724138
14_2024,39,2024,14,7,8,3398.7298850574716
14_2024,39,2024,14,7,6.5,3230.6896551724135
14_2024,39,2024,14,7,7,3034.2586206896553
14_2024,39,2024,14,7,6,2979.3103448275865
14_2024,39,2024,14,8,5.2,2982.9885057471265
14_2024,39,2024,14,8,4.5,3009.67816091954
14_2024,39,2024,14,8,4,3517.620689655172
14_2024,39,2024,14,8,4.8,3418.4741379310344
14_2024,39,2024,14,9,8.5,2848.117816091954
14_2024,39,2024,14,9,8,3188.8218390804595
14_2024,39,2024,14,9,9,3040.85775862069
14_2024,39,2024,14,9,7.8,3010.057471264368
14_2024,39,2024,14,10,3.2,3566.129310344828
14_2024,39,2024,14,10,4.2,3528.977011494253
14_2024,39,2024,14,10,3.8,3572.3448275862065
14_2024,39,2024,14,10,4,3661.103448275862
14_2024,39,2024,14,11,5,3336.6954022988507
14_2024,39,2024,14,11,4.5,3396.5804597701144
14_2024,39,2024,14,11,3.8,3088.6494252873563
14_2024,39,2024,14,11,4,3159.2327586206893
14_2024,39,2024,14,12,5.8,3292.956896551724
14_2024,39,2024,14,12,6,3653.908045977011
14_2024,39,2024,14,12,7,3420.1724137931033
14_2024,39,2024,14,12,6.5,3558.5057471264367
14_2024,39,2024,14,13,6,3711.5517241379303
14_2024,39,2024,14,13,5.2,3485.735632183908
14_2024,39,2024,14,13,5,3056.5517241379307
14_2024,39,2024,14,13,5.8,3413.545977011495
14_2024,39,2024,14,14,3,2971.701149425287
14_2024,39,2024,14,14,2.5,3220.413793103448
14_2024,39,2024,14,14,3.2,2971.6436781609195
14_2024,39,2024,14,14,2.8,3422.5574712643675
14_2024,39,2024,14,15,4,3597.7729885057465
14_2024,39,2024,14,15,3.5,3507.887931034483
14_2024,39,2024,14,15,3,3327.919540229885
14_2024,39,2024,14,15,3.2,3388.7241379310344
